evaluationId,timestamp,marketTime,underlying,signalType,optionType,selectedInstrumentKey,selectedStrike,underlyingPrice,underlyingTrendReference,optionLastPrice,optionVolume,optionOpenInterest,optionImpliedVolatility,previousOptionLastPrice,previousOptionOpenInterest,underlyingCandleCount,optionCandleCount,resistanceStrike,supportStrike,nearbyPutCallOiImbalance,nearbyCallOpenInterest,nearbyPutOpenInterest,resistanceCallOiChange,supportPutOiChange,vwapPassed,breakoutPassed,volumeSpike,oiPassed,ivPassed,liquidityPassed,timePassed,confidenceScore,reasons
"5b65c2fe","2026-04-13T10:07:01.878565100Z","15:36:57.126678800","NIFTY","NO_TRADE","PE","NFO:NIFTY2641323850PE","23850","23818.9","23821.536285821587535334","7.3","1577638010","11434995",,,,"23","23","23850","23800","1.090135131852739","80280850","87516975","0","0","true","false","false","false","true","true","false","30","Trend condition passed; Breakout condition failed; Volume spike missing; OI behavior does not support entry; IV filter passed; Liquidity filter passed; Entry time window failed; Signal score failed: 30%"
"d680a9b8","2026-04-13T10:07:02.477290Z","15:36:57.126678800","NIFTY","NO_TRADE","CE","NFO:NIFTY2641323850CE","23850","23818.9","23821.96611703843502369","0.05","1896268595","21555365",,,,"23","23","23850","23800","1.090135131852739","80280850","87516975","0","0","false","false","false","true","true","true","false","40","Trend condition failed; Breakout condition failed; Volume spike missing; OI behavior supports entry; IV filter passed; Liquidity filter passed; Entry time window failed; Signal score failed: 40%"
"a576116c","2026-04-13T10:08:03.032376Z","15:38:02.528202800","NIFTY","NO_TRADE","PE","NFO:NIFTY2641323850PE","23850","23818.9","23821.96687220151413130","7.3","1577638010","11434995",,"7.3","11434995","22","22","23850","23800","1.090135131852739","80280850","87516975","0","0","true","false","false","false","true","true","false","30","Trend condition passed; Breakout condition failed; Volume spike missing; OI behavior does not support entry; IV filter passed; Liquidity filter passed; Entry time window failed; Signal score failed: 30%"
"a19eab4b","2026-04-13T10:08:03.186858400Z","15:38:02.528202800","NIFTY","NO_TRADE","CE","NFO:NIFTY2641323850CE","23850","23818.9","23821.89306423250801984","0.05","1896268595","21555365",,"0.05","21555365","22","22","23850","23800","1.090135131852739","80280850","87516975","0","0","false","false","false","true","true","true","false","40","Trend condition failed; Breakout condition failed; Volume spike missing; OI behavior supports entry; IV filter passed; Liquidity filter passed; Entry time window failed; Signal score failed: 40%"
"4924a004","2026-04-13T10:10:15.135401900Z","15:40:10.467953500","NIFTY","NO_TRADE","CE","NFO:NIFTY2641323850CE","23850","23818.9","23821.77279534132572298","0.05","1896268595","21555365",,,,"20","20","23850","23800","1.090135131852739","80280850","87516975","0","0","false","false","false","true","true","true","false","40","Trend condition failed; Breakout condition failed; Volume spike missing; OI behavior supports entry; IV filter passed; Liquidity filter passed; Entry time window failed; Signal score failed: 40%"
"8906d9f","2026-04-13T10:10:15.671346100Z","15:40:10.467953500","NIFTY","NO_TRADE","PE","NFO:NIFTY2641323850PE","23850","23818.9","23822.0525423100858941","7.3","1577638010","11434995",,,,"20","20","23850","23800","1.090135131852739","80280850","87516975","0","0","true","false","false","false","true","true","false","30","Trend condition passed; Breakout condition failed; Volume spike missing; OI behavior does not support entry; IV filter passed; Liquidity filter passed; Entry time window failed; Signal score failed: 30%"
"2a56edc1","2026-04-13T10:11:16.468025100Z","15:41:15.709314400","NIFTY","NO_TRADE","CE","NFO:NIFTY2641323850CE","23850","23818.9","23821.9728244594725090","0.05","1896268595","21555365",,"0.05","21555365","19","19","23850","23800","1.090135131852739","80280850","87516975","0","0","false","false","false","true","true","true","false","40","Trend condition failed; Breakout condition failed; Volume spike missing; OI behavior supports entry; IV filter passed; Liquidity filter passed; Entry time window failed; Signal score failed: 40%"
"afa14a8a","2026-04-13T10:11:16.610297200Z","15:41:15.709314400","NIFTY","NO_TRADE","PE","NFO:NIFTY2641323850PE","23850","23818.9","23821.9728244594725090","7.3","1577638010","11434995",,"7.3","11434995","19","19","23850","23800","1.090135131852739","80280850","87516975","0","0","true","false","false","false","true","true","false","30","Trend condition passed; Breakout condition failed; Volume spike missing; OI behavior does not support entry; IV filter passed; Liquidity filter passed; Entry time window failed; Signal score failed: 30%"
"bc699f18","2026-04-13T10:12:17.092076100Z","15:42:16.621548300","NIFTY","NO_TRADE","CE","NFO:NIFTY2641323850CE","23850","23818.9","23821.9675128395184073","0.05","1896268595","21555365",,"0.05","21555365","18","18","23850","23800","1.090135131852739","80280850","87516975","0","0","false","false","false","true","true","true","false","40","Trend condition failed; Breakout condition failed; Volume spike missing; OI behavior supports entry; IV filter passed; Liquidity filter passed; Entry time window failed; Signal score failed: 40%"
"e1eabcea","2026-04-13T10:12:17.228559800Z","15:42:16.621548300","NIFTY","NO_TRADE","PE","NFO:NIFTY2641323850PE","23850","23818.9","23821.7506288520016818","7.3","1577638010","11434995",,"7.3","11434995","18","18","23850","23800","1.090135131852739","80280850","87516975","0","0","true","false","false","false","true","true","false","30","Trend condition passed; Breakout condition failed; Volume spike missing; OI behavior does not support entry; IV filter passed; Liquidity filter passed; Entry time window failed; Signal score failed: 30%"
"8b0fc3a8","2026-04-13T10:13:17.748654600Z","15:43:17.236326200","NIFTY","NO_TRADE","CE","NFO:NIFTY2641323850CE","23850","23818.9","23821.7438286251814631","0.05","1896268595","21555365",,"0.05","21555365","17","17","23850","23800","1.090135131852739","80280850","87516975","0","0","false","false","false","true","true","true","false","40","Trend condition failed; Breakout condition failed; Volume spike missing; OI behavior supports entry; IV filter passed; Liquidity filter passed; Entry time window failed; Signal score failed: 40%"
"c3eb7a0f","2026-04-13T10:13:17.909765100Z","15:43:17.236326200","NIFTY","NO_TRADE","PE","NFO:NIFTY2641323850PE","23850","23818.9","23821.7438286251814631","7.3","1577638010","11434995",,"7.3","11434995","17","17","23850","23800","1.090135131852739","80280850","87516975","0","0","true","false","false","false","true","true","false","30","Trend condition passed; Breakout condition failed; Volume spike missing; OI behavior does not support entry; IV filter passed; Liquidity filter passed; Entry time window failed; Signal score failed: 30%"
"22e6cc62","2026-04-13T10:14:18.365989Z","15:44:17.922355300","NIFTY","NO_TRADE","CE","NFO:NIFTY2641323850CE","23850","23818.9","23821.0602826264049243","0.05","1896268595","21555365",,"0.05","21555365","16","16","23850","23800","1.090135131852739","80280850","87516975","0","0","false","false","false","true","true","true","false","40","Trend condition failed; Breakout condition failed; Volume spike missing; OI behavior supports entry; IV filter passed; Liquidity filter passed; Entry time window failed; Signal score failed: 40%"
"19ab7cad","2026-04-13T10:14:18.500254700Z","15:44:17.922355300","NIFTY","NO_TRADE","PE","NFO:NIFTY2641323850PE","23850","23818.9","23821.0602826264049243","7.3","1577638010","11434995",,"7.3","11434995","16","16","23850","23800","1.090135131852739","80280850","87516975","0","0","true","false","false","false","true","true","false","30","Trend condition passed; Breakout condition failed; Volume spike missing; OI behavior does not support entry; IV filter passed; Liquidity filter passed; Entry time window failed; Signal score failed: 30%"
"8a5b0c1b","2026-04-13T10:15:19.051586600Z","15:45:18.510531700","NIFTY","NO_TRADE","CE","NFO:NIFTY2641323850CE","23850","23818.9","23821.0502345300586309","0.05","1896268595","21555365",,"0.05","21555365","15","15","23850","23800","1.090135131852739","80280850","87516975","0","0","false","false","false","true","true","true","false","40","Trend condition failed; Breakout condition failed; Volume spike missing; OI behavior supports entry; IV filter passed; Liquidity filter passed; Entry time window failed; Signal score failed: 40%"
"992c0e87","2026-04-13T10:15:19.212865900Z","15:45:18.510531700","NIFTY","NO_TRADE","PE","NFO:NIFTY2641323850PE","23850","23818.9","23821.75941211410736693","7.3","1577638010","11434995",,"7.3","11434995","15","15","23850","23800","1.090135131852739","80280850","87516975","0","0","true","false","false","false","true","true","false","30","Trend condition passed; Breakout condition failed; Volume spike missing; OI behavior does not support entry; IV filter passed; Liquidity filter passed; Entry time window failed; Signal score failed: 30%"
"d2aaa749","2026-04-13T10:16:50.395721200Z","15:46:43.354875400","NIFTY","NO_TRADE","CE","NFO:NIFTY2641323850CE","23850","23818.9","23820.8651342293876462","0.05","1896268595","21555365",,,,"14","14","23850","23800","1.090135131852739","80280850","87516975","0","0","false","false","false","true","true","true","false","40","Trend condition failed; Breakout condition failed; Volume spike missing; OI behavior supports entry; IV filter passed; Liquidity filter passed; Entry time window failed; Signal score failed: 40%"
"9168be54","2026-04-13T10:16:51.475821400Z","15:46:43.354875400","NIFTY","NO_TRADE","PE","NFO:NIFTY2641323850PE","23850","23818.9","23821.0699870101604251","7.3","1577638010","11434995",,,,"14","14","23850","23800","1.090135131852739","80280850","87516975","0","0","true","false","false","false","true","true","false","30","Trend condition passed; Breakout condition failed; Volume spike missing; OI behavior does not support entry; IV filter passed; Liquidity filter passed; Entry time window failed; Signal score failed: 30%"
"a9e5fbf5","2026-04-13T10:17:52.306114100Z","15:47:51.544167500","NIFTY","NO_TRADE","CE","NFO:NIFTY2641323850CE","23850","23818.9","23821.3940399780972867","0.05","1896268595","21555365",,"0.05","21555365","13","13","23850","23800","1.090135131852739","80280850","87516975","0","0","false","false","false","true","true","true","false","40","Trend condition failed; Breakout condition failed; Volume spike missing; OI behavior supports entry; IV filter passed; Liquidity filter passed; Entry time window failed; Signal score failed: 40%"
"6e8f2654","2026-04-13T10:17:52.493121100Z","15:47:51.544167500","NIFTY","NO_TRADE","PE","NFO:NIFTY2641323850PE","23850","23818.9","23821.3940399780972867","7.3","1577638010","11434995",,"7.3","11434995","13","13","23850","23800","1.090135131852739","80280850","87516975","0","0","true","false","false","false","true","true","false","30","Trend condition passed; Breakout condition failed; Volume spike missing; OI behavior does not support entry; IV filter passed; Liquidity filter passed; Entry time window failed; Signal score failed: 30%"
"4f1a9074","2026-04-13T10:18:52.925999300Z","15:48:52.502924600","NIFTY","NO_TRADE","CE","NFO:NIFTY2641323850CE","23850","23818.9","23821.34201538834978900","0.05","1896268595","21555365",,"0.05","21555365","12","12","23850","23800","1.090135131852739","80280850","87516975","0","0","false","false","false","true","true","true","false","40","Trend condition failed; Breakout condition failed; Volume spike missing; OI behavior supports entry; IV filter passed; Liquidity filter passed; Entry time window failed; Signal score failed: 40%"
"a3fb7497","2026-04-13T10:18:53.060496900Z","15:48:52.502924600","NIFTY","NO_TRADE","PE","NFO:NIFTY2641323850PE","23850","23818.9","23821.34201538834978900","7.3","1577638010","11434995",,"7.3","11434995","12","12","23850","23800","1.090135131852739","80280850","87516975","0","0","true","false","false","false","true","true","false","30","Trend condition passed; Breakout condition failed; Volume spike missing; OI behavior does not support entry; IV filter passed; Liquidity filter passed; Entry time window failed; Signal score failed: 30%"
"174fd288","2026-04-13T10:19:53.590801700Z","15:49:53.066857800","NIFTY","NO_TRADE","CE","NFO:NIFTY2641323850CE","23850","23818.9","23819.6027909024708293","0.05","1896268595","21555365",,"0.05","21555365","11","11","23850","23800","1.090135131852739","80280850","87516975","0","0","false","false","false","true","true","true","false","40","Trend condition failed; Breakout condition failed; Volume spike missing; OI behavior supports entry; IV filter passed; Liquidity filter passed; Entry time window failed; Signal score failed: 40%"
"29507592","2026-04-13T10:19:53.731404100Z","15:49:53.066857800","NIFTY","NO_TRADE","PE","NFO:NIFTY2641323850PE","23850","23818.9","23819.6027909024708293","7.3","1577638010","11434995",,"7.3","11434995","11","11","23850","23800","1.090135131852739","80280850","87516975","0","0","true","false","false","false","true","true","false","30","Trend condition passed; Breakout condition failed; Volume spike missing; OI behavior does not support entry; IV filter passed; Liquidity filter passed; Entry time window failed; Signal score failed: 30%"
"94fee71e","2026-04-13T10:20:54.179510Z","15:50:53.739644700","NIFTY","NO_TRADE","CE","NFO:NIFTY2641323850CE","23850","23818.9","23820.892115023116395166","0.05","1896268595","21555365",,"0.05","21555365","10","10","23850","23800","1.090135131852739","80280850","87516975","0","0","false","false","false","true","true","true","false","40","Trend condition failed; Breakout condition failed; Volume spike missing; OI behavior supports entry; IV filter passed; Liquidity filter passed; Entry time window failed; Signal score failed: 40%"
"98731ba3","2026-04-13T10:20:54.465359800Z","15:50:53.739644700","NIFTY","NO_TRADE","PE","NFO:NIFTY2641323850PE","23850","23818.9","23820.892115023116395166","7.3","1577638010","11434995",,"7.3","11434995","10","10","23850","23800","1.090135131852739","80280850","87516975","0","0","true","false","false","false","true","true","false","30","Trend condition passed; Breakout condition failed; Volume spike missing; OI behavior does not support entry; IV filter passed; Liquidity filter passed; Entry time window failed; Signal score failed: 30%"
"e61e6a53","2026-04-13T10:21:55.177439300Z","15:51:54.485099700","NIFTY","NO_TRADE","CE","NFO:NIFTY2641323850CE","23850","23818.9","23821.4977442463039177","0.05","1896268595","21555365",,"0.05","21555365","9","9","23850","23800","1.090135131852739","80280850","87516975","0","0","false","false","false","true","true","true","false","40","Trend condition failed; Breakout condition failed; Volume spike missing; OI behavior supports entry; IV filter passed; Liquidity filter passed; Entry time window failed; Signal score failed: 40%"
"4ab055a3","2026-04-13T10:21:55.330531700Z","15:51:54.485099700","NIFTY","NO_TRADE","PE","NFO:NIFTY2641323850PE","23850","23818.9","23821.4977442463039177","7.3","1577638010","11434995",,"7.3","11434995","9","9","23850","23800","1.090135131852739","80280850","87516975","0","0","true","false","false","false","true","true","false","30","Trend condition passed; Breakout condition failed; Volume spike missing; OI behavior does not support entry; IV filter passed; Liquidity filter passed; Entry time window failed; Signal score failed: 30%"
"ccd758d","2026-04-13T10:22:56.149080600Z","15:52:55.360127400","NIFTY","NO_TRADE","CE","NFO:NIFTY2641323850CE","23850","23818.9","23819.7840420667581162","0.05","1896268595","21555365",,"0.05","21555365","8","8","23850","23800","1.090135131852739","80280850","87516975","0","0","false","false","false","true","true","true","false","40","Trend condition failed; Breakout condition failed; Volume spike missing; OI behavior supports entry; IV filter passed; Liquidity filter passed; Entry time window failed; Signal score failed: 40%"
"95d39787","2026-04-13T10:22:56.337187100Z","15:52:55.360127400","NIFTY","NO_TRADE","PE","NFO:NIFTY2641323850PE","23850","23818.9","23819.7840420667581162","7.3","1577638010","11434995",,"7.3","11434995","8","8","23850","23800","1.090135131852739","80280850","87516975","0","0","true","false","false","false","true","true","false","30","Trend condition passed; Breakout condition failed; Volume spike missing; OI behavior does not support entry; IV filter passed; Liquidity filter passed; Entry time window failed; Signal score failed: 30%"
"5039f73c","2026-04-13T10:23:56.976248200Z","15:53:56.363752400","NIFTY","NO_TRADE","CE","NFO:NIFTY2641323850CE","23850","23818.9","23820.0679012345679013","0.05","1896268595","21555365",,"0.05","21555365","7","7","23850","23800","1.090135131852739","80280850","87516975","0","0","false","false","false","true","true","true","false","40","Trend condition failed; Breakout condition failed; Volume spike missing; OI behavior supports entry; IV filter passed; Liquidity filter passed; Entry time window failed; Signal score failed: 40%"
"eb16fae5","2026-04-13T10:23:57.116553300Z","15:53:56.363752400","NIFTY","NO_TRADE","PE","NFO:NIFTY2641323850PE","23850","23818.9","23820.0679012345679013","7.3","1577638010","11434995",,"7.3","11434995","7","7","23850","23800","1.090135131852739","80280850","87516975","0","0","true","false","false","false","true","true","false","30","Trend condition passed; Breakout condition failed; Volume spike missing; OI behavior does not support entry; IV filter passed; Liquidity filter passed; Entry time window failed; Signal score failed: 30%"
"7c2c60ba","2026-04-13T10:24:57.824846200Z","15:54:57.122804400","NIFTY","NO_TRADE","CE","NFO:NIFTY2641323850CE","23850","23818.9","23819.9139917695473253","0.05","1896268595","21555365",,"0.05","21555365","6","6","23850","23800","1.090135131852739","80280850","87516975","0","0","false","false","false","true","true","true","false","40","Trend condition failed; Breakout condition failed; Volume spike missing; OI behavior supports entry; IV filter passed; Liquidity filter passed; Entry time window failed; Signal score failed: 40%"
"d3d216bd","2026-04-13T10:24:57.995876100Z","15:54:57.122804400","NIFTY","NO_TRADE","PE","NFO:NIFTY2641323850PE","23850","23818.9","23819.9139917695473253","7.3","1577638010","11434995",,"7.3","11434995","6","6","23850","23800","1.090135131852739","80280850","87516975","0","0","true","false","false","false","true","true","false","30","Trend condition passed; Breakout condition failed; Volume spike missing; OI behavior does not support entry; IV filter passed; Liquidity filter passed; Entry time window failed; Signal score failed: 30%"
"5e3a5ab2","2026-04-13T10:26:02.297228400Z","15:56:01.637956700","NIFTY","NO_TRADE","CE","NFO:NIFTY2641323850CE","23850","23818.9","23820.94840","0.05","1896268595","21555365",,"0.05","21555365","4","4","23850","23800","1.090135131852739","80280850","87516975","0","0","false","false","false","true","true","true","false","40","Trend condition failed; Breakout condition failed; Volume spike missing; OI behavior supports entry; IV filter passed; Liquidity filter passed; Entry time window failed; Signal score failed: 40%"
"8346d8a8","2026-04-13T10:26:02.504097100Z","15:56:01.637956700","NIFTY","NO_TRADE","PE","NFO:NIFTY2641323850PE","23850","23818.9","23820.94840","7.3","1577638010","11434995",,"7.3","11434995","4","4","23850","23800","1.090135131852739","80280850","87516975","0","0","true","false","false","false","true","true","false","30","Trend condition passed; Breakout condition failed; Volume spike missing; OI behavior does not support entry; IV filter passed; Liquidity filter passed; Entry time window failed; Signal score failed: 30%"
"ad817c94","2026-04-13T10:27:03.369726300Z","15:57:02.509351100","NIFTY","NO_TRADE","CE","NFO:NIFTY2641323850CE","23850","23818.9","23821.5125","0.05","1896268595","21555365",,"0.05","21555365","3","3","23850","23800","1.090135131852739","80280850","87516975","0","0","false","false","false","true","true","true","false","40","Trend condition failed; Breakout condition failed; Volume spike missing; OI behavior supports entry; IV filter passed; Liquidity filter passed; Entry time window failed; Signal score failed: 40%"
"d7c1824a","2026-04-13T10:27:03.513260300Z","15:57:02.509351100","NIFTY","NO_TRADE","PE","NFO:NIFTY2641323850PE","23850","23818.9","23821.5125","7.3","1577638010","11434995",,"7.3","11434995","3","3","23850","23800","1.090135131852739","80280850","87516975","0","0","true","false","false","false","true","true","false","30","Trend condition passed; Breakout condition failed; Volume spike missing; OI behavior does not support entry; IV filter passed; Liquidity filter passed; Entry time window failed; Signal score failed: 30%"
"380b14c6","2026-04-13T10:28:03.927279700Z","15:58:03.522141900","NIFTY","NO_TRADE","CE","NFO:NIFTY2641323850CE","23850","23818.9","23820.016666666666667","0.05","1896268595","21555365",,"0.05","21555365","2","2","23850","23800","1.090135131852739","80280850","87516975","0","0","false","false","false","true","true","true","false","40","Trend condition failed; Breakout condition failed; Volume spike missing; OI behavior supports entry; IV filter passed; Liquidity filter passed; Entry time window failed; Signal score failed: 40%"
"aa48611a","2026-04-13T10:28:04.047611100Z","15:58:03.522141900","NIFTY","NO_TRADE","PE","NFO:NIFTY2641323850PE","23850","23818.9","23820.016666666666667","7.3","1577638010","11434995",,"7.3","11434995","2","2","23850","23800","1.090135131852739","80280850","87516975","0","0","true","false","false","false","true","true","false","30","Trend condition passed; Breakout condition failed; Volume spike missing; OI behavior does not support entry; IV filter passed; Liquidity filter passed; Entry time window failed; Signal score failed: 30%"
"30857bdc","2026-04-13T10:29:05.027353Z","15:59:04.053414400","NIFTY","NO_TRADE","CE","NFO:NIFTY2641323850CE","23850","23818.9","23818.9","0.05","1896268595","21555365",,"0.05","21555365","1","1","23850","23800","1.090135131852739","80280850","87516975","0","0","false","false","false","true","true","true","false","40","Trend condition failed; Breakout condition failed; Volume spike missing; OI behavior supports entry; IV filter passed; Liquidity filter passed; Entry time window failed; Signal score failed: 40%"
"40d567c9","2026-04-13T10:29:05.449485500Z","15:59:04.053414400","NIFTY","NO_TRADE","PE","NFO:NIFTY2641323850PE","23850","23818.9","23818.9","7.3","1577638010","11434995",,"7.3","11434995","1","1","23850","23800","1.090135131852739","80280850","87516975","0","0","false","false","false","false","true","true","false","15","Trend condition failed; Breakout condition failed; Volume spike missing; OI behavior does not support entry; IV filter passed; Liquidity filter passed; Entry time window failed; Signal score failed: 15%"
