evaluationId,evaluationTimestamp,underlying,optionType,selectedInstrumentKey,spotPrice,strike,callOpenInterest,putOpenInterest,callOpenInterestChange,putOpenInterestChange,callLastPrice,putLastPrice
"5b65c2fe","2026-04-13T10:07:01.878565100Z","NIFTY","PE","NFO:NIFTY2641323850PE","23842.65","23600","1982110","9700275","0","0","242.5","0.05"
"5b65c2fe","2026-04-13T10:07:01.878565100Z","NIFTY","PE","NFO:NIFTY2641323850PE","23842.65","23650","1117545","6879340","0","0","192.4","0.05"
"5b65c2fe","2026-04-13T10:07:01.878565100Z","NIFTY","PE","NFO:NIFTY2641323850PE","23842.65","23700","1723670","12208300","0","0","142.35","0.05"
"5b65c2fe","2026-04-13T10:07:01.878565100Z","NIFTY","PE","NFO:NIFTY2641323850PE","23842.65","23750","1784185","10138505","0","0","92.35","0.05"
"5b65c2fe","2026-04-13T10:07:01.878565100Z","NIFTY","PE","NFO:NIFTY2641323850PE","23842.65","23800","5700695","27022580","0","0","42.55","0.05"
"5b65c2fe","2026-04-13T10:07:01.878565100Z","NIFTY","PE","NFO:NIFTY2641323850PE","23842.65","23850","21555365","11434995","0","0","0.05","7.3"
"5b65c2fe","2026-04-13T10:07:01.878565100Z","NIFTY","PE","NFO:NIFTY2641323850PE","23842.65","23900","14272245","5436275","0","0","0.05","57.1"
"5b65c2fe","2026-04-13T10:07:01.878565100Z","NIFTY","PE","NFO:NIFTY2641323850PE","23842.65","23950","7834645","1465880","0","0","0.05","107.3"
"5b65c2fe","2026-04-13T10:07:01.878565100Z","NIFTY","PE","NFO:NIFTY2641323850PE","23842.65","24000","10880545","2188940","0","0","0.05","157"
"5b65c2fe","2026-04-13T10:07:01.878565100Z","NIFTY","PE","NFO:NIFTY2641323850PE","23842.65","24050","4793035","596245","0","0","0.05","207.4"
"5b65c2fe","2026-04-13T10:07:01.878565100Z","NIFTY","PE","NFO:NIFTY2641323850PE","23842.65","24100","8636810","445640","0","0","0.05","256.85"
"d680a9b8","2026-04-13T10:07:02.477290Z","NIFTY","CE","NFO:NIFTY2641323850CE","23842.65","23600","1982110","9700275","0","0","242.5","0.05"
"d680a9b8","2026-04-13T10:07:02.477290Z","NIFTY","CE","NFO:NIFTY2641323850CE","23842.65","23650","1117545","6879340","0","0","192.4","0.05"
"d680a9b8","2026-04-13T10:07:02.477290Z","NIFTY","CE","NFO:NIFTY2641323850CE","23842.65","23700","1723670","12208300","0","0","142.35","0.05"
"d680a9b8","2026-04-13T10:07:02.477290Z","NIFTY","CE","NFO:NIFTY2641323850CE","23842.65","23750","1784185","10138505","0","0","92.35","0.05"
"d680a9b8","2026-04-13T10:07:02.477290Z","NIFTY","CE","NFO:NIFTY2641323850CE","23842.65","23800","5700695","27022580","0","0","42.55","0.05"
"d680a9b8","2026-04-13T10:07:02.477290Z","NIFTY","CE","NFO:NIFTY2641323850CE","23842.65","23850","21555365","11434995","0","0","0.05","7.3"
"d680a9b8","2026-04-13T10:07:02.477290Z","NIFTY","CE","NFO:NIFTY2641323850CE","23842.65","23900","14272245","5436275","0","0","0.05","57.1"
"d680a9b8","2026-04-13T10:07:02.477290Z","NIFTY","CE","NFO:NIFTY2641323850CE","23842.65","23950","7834645","1465880","0","0","0.05","107.3"
"d680a9b8","2026-04-13T10:07:02.477290Z","NIFTY","CE","NFO:NIFTY2641323850CE","23842.65","24000","10880545","2188940","0","0","0.05","157"
"d680a9b8","2026-04-13T10:07:02.477290Z","NIFTY","CE","NFO:NIFTY2641323850CE","23842.65","24050","4793035","596245","0","0","0.05","207.4"
"d680a9b8","2026-04-13T10:07:02.477290Z","NIFTY","CE","NFO:NIFTY2641323850CE","23842.65","24100","8636810","445640","0","0","0.05","256.85"
"a576116c","2026-04-13T10:08:03.032376Z","NIFTY","PE","NFO:NIFTY2641323850PE","23842.65","23600","1982110","9700275","0","0","242.5","0.05"
"a576116c","2026-04-13T10:08:03.032376Z","NIFTY","PE","NFO:NIFTY2641323850PE","23842.65","23650","1117545","6879340","0","0","192.4","0.05"
"a576116c","2026-04-13T10:08:03.032376Z","NIFTY","PE","NFO:NIFTY2641323850PE","23842.65","23700","1723670","12208300","0","0","142.35","0.05"
"a576116c","2026-04-13T10:08:03.032376Z","NIFTY","PE","NFO:NIFTY2641323850PE","23842.65","23750","1784185","10138505","0","0","92.35","0.05"
"a576116c","2026-04-13T10:08:03.032376Z","NIFTY","PE","NFO:NIFTY2641323850PE","23842.65","23800","5700695","27022580","0","0","42.55","0.05"
"a576116c","2026-04-13T10:08:03.032376Z","NIFTY","PE","NFO:NIFTY2641323850PE","23842.65","23850","21555365","11434995","0","0","0.05","7.3"
"a576116c","2026-04-13T10:08:03.032376Z","NIFTY","PE","NFO:NIFTY2641323850PE","23842.65","23900","14272245","5436275","0","0","0.05","57.1"
"a576116c","2026-04-13T10:08:03.032376Z","NIFTY","PE","NFO:NIFTY2641323850PE","23842.65","23950","7834645","1465880","0","0","0.05","107.3"
"a576116c","2026-04-13T10:08:03.032376Z","NIFTY","PE","NFO:NIFTY2641323850PE","23842.65","24000","10880545","2188940","0","0","0.05","157"
"a576116c","2026-04-13T10:08:03.032376Z","NIFTY","PE","NFO:NIFTY2641323850PE","23842.65","24050","4793035","596245","0","0","0.05","207.4"
"a576116c","2026-04-13T10:08:03.032376Z","NIFTY","PE","NFO:NIFTY2641323850PE","23842.65","24100","8636810","445640","0","0","0.05","256.85"
"a19eab4b","2026-04-13T10:08:03.186858400Z","NIFTY","CE","NFO:NIFTY2641323850CE","23842.65","23600","1982110","9700275","0","0","242.5","0.05"
"a19eab4b","2026-04-13T10:08:03.186858400Z","NIFTY","CE","NFO:NIFTY2641323850CE","23842.65","23650","1117545","6879340","0","0","192.4","0.05"
"a19eab4b","2026-04-13T10:08:03.186858400Z","NIFTY","CE","NFO:NIFTY2641323850CE","23842.65","23700","1723670","12208300","0","0","142.35","0.05"
"a19eab4b","2026-04-13T10:08:03.186858400Z","NIFTY","CE","NFO:NIFTY2641323850CE","23842.65","23750","1784185","10138505","0","0","92.35","0.05"
"a19eab4b","2026-04-13T10:08:03.186858400Z","NIFTY","CE","NFO:NIFTY2641323850CE","23842.65","23800","5700695","27022580","0","0","42.55","0.05"
"a19eab4b","2026-04-13T10:08:03.186858400Z","NIFTY","CE","NFO:NIFTY2641323850CE","23842.65","23850","21555365","11434995","0","0","0.05","7.3"
"a19eab4b","2026-04-13T10:08:03.186858400Z","NIFTY","CE","NFO:NIFTY2641323850CE","23842.65","23900","14272245","5436275","0","0","0.05","57.1"
"a19eab4b","2026-04-13T10:08:03.186858400Z","NIFTY","CE","NFO:NIFTY2641323850CE","23842.65","23950","7834645","1465880","0","0","0.05","107.3"
"a19eab4b","2026-04-13T10:08:03.186858400Z","NIFTY","CE","NFO:NIFTY2641323850CE","23842.65","24000","10880545","2188940","0","0","0.05","157"
"a19eab4b","2026-04-13T10:08:03.186858400Z","NIFTY","CE","NFO:NIFTY2641323850CE","23842.65","24050","4793035","596245","0","0","0.05","207.4"
"a19eab4b","2026-04-13T10:08:03.186858400Z","NIFTY","CE","NFO:NIFTY2641323850CE","23842.65","24100","8636810","445640","0","0","0.05","256.85"
"4924a004","2026-04-13T10:10:15.135401900Z","NIFTY","CE","NFO:NIFTY2641323850CE","23842.65","23600","1982110","9700275","0","0","242.5","0.05"
"4924a004","2026-04-13T10:10:15.135401900Z","NIFTY","CE","NFO:NIFTY2641323850CE","23842.65","23650","1117545","6879340","0","0","192.4","0.05"
"4924a004","2026-04-13T10:10:15.135401900Z","NIFTY","CE","NFO:NIFTY2641323850CE","23842.65","23700","1723670","12208300","0","0","142.35","0.05"
"4924a004","2026-04-13T10:10:15.135401900Z","NIFTY","CE","NFO:NIFTY2641323850CE","23842.65","23750","1784185","10138505","0","0","92.35","0.05"
"4924a004","2026-04-13T10:10:15.135401900Z","NIFTY","CE","NFO:NIFTY2641323850CE","23842.65","23800","5700695","27022580","0","0","42.55","0.05"
"4924a004","2026-04-13T10:10:15.135401900Z","NIFTY","CE","NFO:NIFTY2641323850CE","23842.65","23850","21555365","11434995","0","0","0.05","7.3"
"4924a004","2026-04-13T10:10:15.135401900Z","NIFTY","CE","NFO:NIFTY2641323850CE","23842.65","23900","14272245","5436275","0","0","0.05","57.1"
"4924a004","2026-04-13T10:10:15.135401900Z","NIFTY","CE","NFO:NIFTY2641323850CE","23842.65","23950","7834645","1465880","0","0","0.05","107.3"
"4924a004","2026-04-13T10:10:15.135401900Z","NIFTY","CE","NFO:NIFTY2641323850CE","23842.65","24000","10880545","2188940","0","0","0.05","157"
"4924a004","2026-04-13T10:10:15.135401900Z","NIFTY","CE","NFO:NIFTY2641323850CE","23842.65","24050","4793035","596245","0","0","0.05","207.4"
"4924a004","2026-04-13T10:10:15.135401900Z","NIFTY","CE","NFO:NIFTY2641323850CE","23842.65","24100","8636810","445640","0","0","0.05","256.85"
"8906d9f","2026-04-13T10:10:15.671346100Z","NIFTY","PE","NFO:NIFTY2641323850PE","23842.65","23600","1982110","9700275","0","0","242.5","0.05"
"8906d9f","2026-04-13T10:10:15.671346100Z","NIFTY","PE","NFO:NIFTY2641323850PE","23842.65","23650","1117545","6879340","0","0","192.4","0.05"
"8906d9f","2026-04-13T10:10:15.671346100Z","NIFTY","PE","NFO:NIFTY2641323850PE","23842.65","23700","1723670","12208300","0","0","142.35","0.05"
"8906d9f","2026-04-13T10:10:15.671346100Z","NIFTY","PE","NFO:NIFTY2641323850PE","23842.65","23750","1784185","10138505","0","0","92.35","0.05"
"8906d9f","2026-04-13T10:10:15.671346100Z","NIFTY","PE","NFO:NIFTY2641323850PE","23842.65","23800","5700695","27022580","0","0","42.55","0.05"
"8906d9f","2026-04-13T10:10:15.671346100Z","NIFTY","PE","NFO:NIFTY2641323850PE","23842.65","23850","21555365","11434995","0","0","0.05","7.3"
"8906d9f","2026-04-13T10:10:15.671346100Z","NIFTY","PE","NFO:NIFTY2641323850PE","23842.65","23900","14272245","5436275","0","0","0.05","57.1"
"8906d9f","2026-04-13T10:10:15.671346100Z","NIFTY","PE","NFO:NIFTY2641323850PE","23842.65","23950","7834645","1465880","0","0","0.05","107.3"
"8906d9f","2026-04-13T10:10:15.671346100Z","NIFTY","PE","NFO:NIFTY2641323850PE","23842.65","24000","10880545","2188940","0","0","0.05","157"
"8906d9f","2026-04-13T10:10:15.671346100Z","NIFTY","PE","NFO:NIFTY2641323850PE","23842.65","24050","4793035","596245","0","0","0.05","207.4"
"8906d9f","2026-04-13T10:10:15.671346100Z","NIFTY","PE","NFO:NIFTY2641323850PE","23842.65","24100","8636810","445640","0","0","0.05","256.85"
"2a56edc1","2026-04-13T10:11:16.468025100Z","NIFTY","CE","NFO:NIFTY2641323850CE","23842.65","23600","1982110","9700275","0","0","242.5","0.05"
"2a56edc1","2026-04-13T10:11:16.468025100Z","NIFTY","CE","NFO:NIFTY2641323850CE","23842.65","23650","1117545","6879340","0","0","192.4","0.05"
"2a56edc1","2026-04-13T10:11:16.468025100Z","NIFTY","CE","NFO:NIFTY2641323850CE","23842.65","23700","1723670","12208300","0","0","142.35","0.05"
"2a56edc1","2026-04-13T10:11:16.468025100Z","NIFTY","CE","NFO:NIFTY2641323850CE","23842.65","23750","1784185","10138505","0","0","92.35","0.05"
"2a56edc1","2026-04-13T10:11:16.468025100Z","NIFTY","CE","NFO:NIFTY2641323850CE","23842.65","23800","5700695","27022580","0","0","42.55","0.05"
"2a56edc1","2026-04-13T10:11:16.468025100Z","NIFTY","CE","NFO:NIFTY2641323850CE","23842.65","23850","21555365","11434995","0","0","0.05","7.3"
"2a56edc1","2026-04-13T10:11:16.468025100Z","NIFTY","CE","NFO:NIFTY2641323850CE","23842.65","23900","14272245","5436275","0","0","0.05","57.1"
"2a56edc1","2026-04-13T10:11:16.468025100Z","NIFTY","CE","NFO:NIFTY2641323850CE","23842.65","23950","7834645","1465880","0","0","0.05","107.3"
"2a56edc1","2026-04-13T10:11:16.468025100Z","NIFTY","CE","NFO:NIFTY2641323850CE","23842.65","24000","10880545","2188940","0","0","0.05","157"
"2a56edc1","2026-04-13T10:11:16.468025100Z","NIFTY","CE","NFO:NIFTY2641323850CE","23842.65","24050","4793035","596245","0","0","0.05","207.4"
"2a56edc1","2026-04-13T10:11:16.468025100Z","NIFTY","CE","NFO:NIFTY2641323850CE","23842.65","24100","8636810","445640","0","0","0.05","256.85"
"afa14a8a","2026-04-13T10:11:16.610297200Z","NIFTY","PE","NFO:NIFTY2641323850PE","23842.65","23600","1982110","9700275","0","0","242.5","0.05"
"afa14a8a","2026-04-13T10:11:16.610297200Z","NIFTY","PE","NFO:NIFTY2641323850PE","23842.65","23650","1117545","6879340","0","0","192.4","0.05"
"afa14a8a","2026-04-13T10:11:16.610297200Z","NIFTY","PE","NFO:NIFTY2641323850PE","23842.65","23700","1723670","12208300","0","0","142.35","0.05"
"afa14a8a","2026-04-13T10:11:16.610297200Z","NIFTY","PE","NFO:NIFTY2641323850PE","23842.65","23750","1784185","10138505","0","0","92.35","0.05"
"afa14a8a","2026-04-13T10:11:16.610297200Z","NIFTY","PE","NFO:NIFTY2641323850PE","23842.65","23800","5700695","27022580","0","0","42.55","0.05"
"afa14a8a","2026-04-13T10:11:16.610297200Z","NIFTY","PE","NFO:NIFTY2641323850PE","23842.65","23850","21555365","11434995","0","0","0.05","7.3"
"afa14a8a","2026-04-13T10:11:16.610297200Z","NIFTY","PE","NFO:NIFTY2641323850PE","23842.65","23900","14272245","5436275","0","0","0.05","57.1"
"afa14a8a","2026-04-13T10:11:16.610297200Z","NIFTY","PE","NFO:NIFTY2641323850PE","23842.65","23950","7834645","1465880","0","0","0.05","107.3"
"afa14a8a","2026-04-13T10:11:16.610297200Z","NIFTY","PE","NFO:NIFTY2641323850PE","23842.65","24000","10880545","2188940","0","0","0.05","157"
"afa14a8a","2026-04-13T10:11:16.610297200Z","NIFTY","PE","NFO:NIFTY2641323850PE","23842.65","24050","4793035","596245","0","0","0.05","207.4"
"afa14a8a","2026-04-13T10:11:16.610297200Z","NIFTY","PE","NFO:NIFTY2641323850PE","23842.65","24100","8636810","445640","0","0","0.05","256.85"
"bc699f18","2026-04-13T10:12:17.092076100Z","NIFTY","CE","NFO:NIFTY2641323850CE","23842.65","23600","1982110","9700275","0","0","242.5","0.05"
"bc699f18","2026-04-13T10:12:17.092076100Z","NIFTY","CE","NFO:NIFTY2641323850CE","23842.65","23650","1117545","6879340","0","0","192.4","0.05"
"bc699f18","2026-04-13T10:12:17.092076100Z","NIFTY","CE","NFO:NIFTY2641323850CE","23842.65","23700","1723670","12208300","0","0","142.35","0.05"
"bc699f18","2026-04-13T10:12:17.092076100Z","NIFTY","CE","NFO:NIFTY2641323850CE","23842.65","23750","1784185","10138505","0","0","92.35","0.05"
"bc699f18","2026-04-13T10:12:17.092076100Z","NIFTY","CE","NFO:NIFTY2641323850CE","23842.65","23800","5700695","27022580","0","0","42.55","0.05"
"bc699f18","2026-04-13T10:12:17.092076100Z","NIFTY","CE","NFO:NIFTY2641323850CE","23842.65","23850","21555365","11434995","0","0","0.05","7.3"
"bc699f18","2026-04-13T10:12:17.092076100Z","NIFTY","CE","NFO:NIFTY2641323850CE","23842.65","23900","14272245","5436275","0","0","0.05","57.1"
"bc699f18","2026-04-13T10:12:17.092076100Z","NIFTY","CE","NFO:NIFTY2641323850CE","23842.65","23950","7834645","1465880","0","0","0.05","107.3"
"bc699f18","2026-04-13T10:12:17.092076100Z","NIFTY","CE","NFO:NIFTY2641323850CE","23842.65","24000","10880545","2188940","0","0","0.05","157"
"bc699f18","2026-04-13T10:12:17.092076100Z","NIFTY","CE","NFO:NIFTY2641323850CE","23842.65","24050","4793035","596245","0","0","0.05","207.4"
"bc699f18","2026-04-13T10:12:17.092076100Z","NIFTY","CE","NFO:NIFTY2641323850CE","23842.65","24100","8636810","445640","0","0","0.05","256.85"
"e1eabcea","2026-04-13T10:12:17.228559800Z","NIFTY","PE","NFO:NIFTY2641323850PE","23842.65","23600","1982110","9700275","0","0","242.5","0.05"
"e1eabcea","2026-04-13T10:12:17.228559800Z","NIFTY","PE","NFO:NIFTY2641323850PE","23842.65","23650","1117545","6879340","0","0","192.4","0.05"
"e1eabcea","2026-04-13T10:12:17.228559800Z","NIFTY","PE","NFO:NIFTY2641323850PE","23842.65","23700","1723670","12208300","0","0","142.35","0.05"
"e1eabcea","2026-04-13T10:12:17.228559800Z","NIFTY","PE","NFO:NIFTY2641323850PE","23842.65","23750","1784185","10138505","0","0","92.35","0.05"
"e1eabcea","2026-04-13T10:12:17.228559800Z","NIFTY","PE","NFO:NIFTY2641323850PE","23842.65","23800","5700695","27022580","0","0","42.55","0.05"
"e1eabcea","2026-04-13T10:12:17.228559800Z","NIFTY","PE","NFO:NIFTY2641323850PE","23842.65","23850","21555365","11434995","0","0","0.05","7.3"
"e1eabcea","2026-04-13T10:12:17.228559800Z","NIFTY","PE","NFO:NIFTY2641323850PE","23842.65","23900","14272245","5436275","0","0","0.05","57.1"
"e1eabcea","2026-04-13T10:12:17.228559800Z","NIFTY","PE","NFO:NIFTY2641323850PE","23842.65","23950","7834645","1465880","0","0","0.05","107.3"
"e1eabcea","2026-04-13T10:12:17.228559800Z","NIFTY","PE","NFO:NIFTY2641323850PE","23842.65","24000","10880545","2188940","0","0","0.05","157"
"e1eabcea","2026-04-13T10:12:17.228559800Z","NIFTY","PE","NFO:NIFTY2641323850PE","23842.65","24050","4793035","596245","0","0","0.05","207.4"
"e1eabcea","2026-04-13T10:12:17.228559800Z","NIFTY","PE","NFO:NIFTY2641323850PE","23842.65","24100","8636810","445640","0","0","0.05","256.85"
"8b0fc3a8","2026-04-13T10:13:17.748654600Z","NIFTY","CE","NFO:NIFTY2641323850CE","23842.65","23600","1982110","9700275","0","0","242.5","0.05"
"8b0fc3a8","2026-04-13T10:13:17.748654600Z","NIFTY","CE","NFO:NIFTY2641323850CE","23842.65","23650","1117545","6879340","0","0","192.4","0.05"
"8b0fc3a8","2026-04-13T10:13:17.748654600Z","NIFTY","CE","NFO:NIFTY2641323850CE","23842.65","23700","1723670","12208300","0","0","142.35","0.05"
"8b0fc3a8","2026-04-13T10:13:17.748654600Z","NIFTY","CE","NFO:NIFTY2641323850CE","23842.65","23750","1784185","10138505","0","0","92.35","0.05"
"8b0fc3a8","2026-04-13T10:13:17.748654600Z","NIFTY","CE","NFO:NIFTY2641323850CE","23842.65","23800","5700695","27022580","0","0","42.55","0.05"
"8b0fc3a8","2026-04-13T10:13:17.748654600Z","NIFTY","CE","NFO:NIFTY2641323850CE","23842.65","23850","21555365","11434995","0","0","0.05","7.3"
"8b0fc3a8","2026-04-13T10:13:17.748654600Z","NIFTY","CE","NFO:NIFTY2641323850CE","23842.65","23900","14272245","5436275","0","0","0.05","57.1"
"8b0fc3a8","2026-04-13T10:13:17.748654600Z","NIFTY","CE","NFO:NIFTY2641323850CE","23842.65","23950","7834645","1465880","0","0","0.05","107.3"
"8b0fc3a8","2026-04-13T10:13:17.748654600Z","NIFTY","CE","NFO:NIFTY2641323850CE","23842.65","24000","10880545","2188940","0","0","0.05","157"
"8b0fc3a8","2026-04-13T10:13:17.748654600Z","NIFTY","CE","NFO:NIFTY2641323850CE","23842.65","24050","4793035","596245","0","0","0.05","207.4"
"8b0fc3a8","2026-04-13T10:13:17.748654600Z","NIFTY","CE","NFO:NIFTY2641323850CE","23842.65","24100","8636810","445640","0","0","0.05","256.85"
"c3eb7a0f","2026-04-13T10:13:17.909765100Z","NIFTY","PE","NFO:NIFTY2641323850PE","23842.65","23600","1982110","9700275","0","0","242.5","0.05"
"c3eb7a0f","2026-04-13T10:13:17.909765100Z","NIFTY","PE","NFO:NIFTY2641323850PE","23842.65","23650","1117545","6879340","0","0","192.4","0.05"
"c3eb7a0f","2026-04-13T10:13:17.909765100Z","NIFTY","PE","NFO:NIFTY2641323850PE","23842.65","23700","1723670","12208300","0","0","142.35","0.05"
"c3eb7a0f","2026-04-13T10:13:17.909765100Z","NIFTY","PE","NFO:NIFTY2641323850PE","23842.65","23750","1784185","10138505","0","0","92.35","0.05"
"c3eb7a0f","2026-04-13T10:13:17.909765100Z","NIFTY","PE","NFO:NIFTY2641323850PE","23842.65","23800","5700695","27022580","0","0","42.55","0.05"
"c3eb7a0f","2026-04-13T10:13:17.909765100Z","NIFTY","PE","NFO:NIFTY2641323850PE","23842.65","23850","21555365","11434995","0","0","0.05","7.3"
"c3eb7a0f","2026-04-13T10:13:17.909765100Z","NIFTY","PE","NFO:NIFTY2641323850PE","23842.65","23900","14272245","5436275","0","0","0.05","57.1"
"c3eb7a0f","2026-04-13T10:13:17.909765100Z","NIFTY","PE","NFO:NIFTY2641323850PE","23842.65","23950","7834645","1465880","0","0","0.05","107.3"
"c3eb7a0f","2026-04-13T10:13:17.909765100Z","NIFTY","PE","NFO:NIFTY2641323850PE","23842.65","24000","10880545","2188940","0","0","0.05","157"
"c3eb7a0f","2026-04-13T10:13:17.909765100Z","NIFTY","PE","NFO:NIFTY2641323850PE","23842.65","24050","4793035","596245","0","0","0.05","207.4"
"c3eb7a0f","2026-04-13T10:13:17.909765100Z","NIFTY","PE","NFO:NIFTY2641323850PE","23842.65","24100","8636810","445640","0","0","0.05","256.85"
"22e6cc62","2026-04-13T10:14:18.365989Z","NIFTY","CE","NFO:NIFTY2641323850CE","23842.65","23600","1982110","9700275","0","0","242.5","0.05"
"22e6cc62","2026-04-13T10:14:18.365989Z","NIFTY","CE","NFO:NIFTY2641323850CE","23842.65","23650","1117545","6879340","0","0","192.4","0.05"
"22e6cc62","2026-04-13T10:14:18.365989Z","NIFTY","CE","NFO:NIFTY2641323850CE","23842.65","23700","1723670","12208300","0","0","142.35","0.05"
"22e6cc62","2026-04-13T10:14:18.365989Z","NIFTY","CE","NFO:NIFTY2641323850CE","23842.65","23750","1784185","10138505","0","0","92.35","0.05"
"22e6cc62","2026-04-13T10:14:18.365989Z","NIFTY","CE","NFO:NIFTY2641323850CE","23842.65","23800","5700695","27022580","0","0","42.55","0.05"
"22e6cc62","2026-04-13T10:14:18.365989Z","NIFTY","CE","NFO:NIFTY2641323850CE","23842.65","23850","21555365","11434995","0","0","0.05","7.3"
"22e6cc62","2026-04-13T10:14:18.365989Z","NIFTY","CE","NFO:NIFTY2641323850CE","23842.65","23900","14272245","5436275","0","0","0.05","57.1"
"22e6cc62","2026-04-13T10:14:18.365989Z","NIFTY","CE","NFO:NIFTY2641323850CE","23842.65","23950","7834645","1465880","0","0","0.05","107.3"
"22e6cc62","2026-04-13T10:14:18.365989Z","NIFTY","CE","NFO:NIFTY2641323850CE","23842.65","24000","10880545","2188940","0","0","0.05","157"
"22e6cc62","2026-04-13T10:14:18.365989Z","NIFTY","CE","NFO:NIFTY2641323850CE","23842.65","24050","4793035","596245","0","0","0.05","207.4"
"22e6cc62","2026-04-13T10:14:18.365989Z","NIFTY","CE","NFO:NIFTY2641323850CE","23842.65","24100","8636810","445640","0","0","0.05","256.85"
"19ab7cad","2026-04-13T10:14:18.500254700Z","NIFTY","PE","NFO:NIFTY2641323850PE","23842.65","23600","1982110","9700275","0","0","242.5","0.05"
"19ab7cad","2026-04-13T10:14:18.500254700Z","NIFTY","PE","NFO:NIFTY2641323850PE","23842.65","23650","1117545","6879340","0","0","192.4","0.05"
"19ab7cad","2026-04-13T10:14:18.500254700Z","NIFTY","PE","NFO:NIFTY2641323850PE","23842.65","23700","1723670","12208300","0","0","142.35","0.05"
"19ab7cad","2026-04-13T10:14:18.500254700Z","NIFTY","PE","NFO:NIFTY2641323850PE","23842.65","23750","1784185","10138505","0","0","92.35","0.05"
"19ab7cad","2026-04-13T10:14:18.500254700Z","NIFTY","PE","NFO:NIFTY2641323850PE","23842.65","23800","5700695","27022580","0","0","42.55","0.05"
"19ab7cad","2026-04-13T10:14:18.500254700Z","NIFTY","PE","NFO:NIFTY2641323850PE","23842.65","23850","21555365","11434995","0","0","0.05","7.3"
"19ab7cad","2026-04-13T10:14:18.500254700Z","NIFTY","PE","NFO:NIFTY2641323850PE","23842.65","23900","14272245","5436275","0","0","0.05","57.1"
"19ab7cad","2026-04-13T10:14:18.500254700Z","NIFTY","PE","NFO:NIFTY2641323850PE","23842.65","23950","7834645","1465880","0","0","0.05","107.3"
"19ab7cad","2026-04-13T10:14:18.500254700Z","NIFTY","PE","NFO:NIFTY2641323850PE","23842.65","24000","10880545","2188940","0","0","0.05","157"
"19ab7cad","2026-04-13T10:14:18.500254700Z","NIFTY","PE","NFO:NIFTY2641323850PE","23842.65","24050","4793035","596245","0","0","0.05","207.4"
"19ab7cad","2026-04-13T10:14:18.500254700Z","NIFTY","PE","NFO:NIFTY2641323850PE","23842.65","24100","8636810","445640","0","0","0.05","256.85"
"8a5b0c1b","2026-04-13T10:15:19.051586600Z","NIFTY","CE","NFO:NIFTY2641323850CE","23842.65","23600","1982110","9700275","0","0","242.5","0.05"
"8a5b0c1b","2026-04-13T10:15:19.051586600Z","NIFTY","CE","NFO:NIFTY2641323850CE","23842.65","23650","1117545","6879340","0","0","192.4","0.05"
"8a5b0c1b","2026-04-13T10:15:19.051586600Z","NIFTY","CE","NFO:NIFTY2641323850CE","23842.65","23700","1723670","12208300","0","0","142.35","0.05"
"8a5b0c1b","2026-04-13T10:15:19.051586600Z","NIFTY","CE","NFO:NIFTY2641323850CE","23842.65","23750","1784185","10138505","0","0","92.35","0.05"
"8a5b0c1b","2026-04-13T10:15:19.051586600Z","NIFTY","CE","NFO:NIFTY2641323850CE","23842.65","23800","5700695","27022580","0","0","42.55","0.05"
"8a5b0c1b","2026-04-13T10:15:19.051586600Z","NIFTY","CE","NFO:NIFTY2641323850CE","23842.65","23850","21555365","11434995","0","0","0.05","7.3"
"8a5b0c1b","2026-04-13T10:15:19.051586600Z","NIFTY","CE","NFO:NIFTY2641323850CE","23842.65","23900","14272245","5436275","0","0","0.05","57.1"
"8a5b0c1b","2026-04-13T10:15:19.051586600Z","NIFTY","CE","NFO:NIFTY2641323850CE","23842.65","23950","7834645","1465880","0","0","0.05","107.3"
"8a5b0c1b","2026-04-13T10:15:19.051586600Z","NIFTY","CE","NFO:NIFTY2641323850CE","23842.65","24000","10880545","2188940","0","0","0.05","157"
"8a5b0c1b","2026-04-13T10:15:19.051586600Z","NIFTY","CE","NFO:NIFTY2641323850CE","23842.65","24050","4793035","596245","0","0","0.05","207.4"
"8a5b0c1b","2026-04-13T10:15:19.051586600Z","NIFTY","CE","NFO:NIFTY2641323850CE","23842.65","24100","8636810","445640","0","0","0.05","256.85"
"992c0e87","2026-04-13T10:15:19.212865900Z","NIFTY","PE","NFO:NIFTY2641323850PE","23842.65","23600","1982110","9700275","0","0","242.5","0.05"
"992c0e87","2026-04-13T10:15:19.212865900Z","NIFTY","PE","NFO:NIFTY2641323850PE","23842.65","23650","1117545","6879340","0","0","192.4","0.05"
"992c0e87","2026-04-13T10:15:19.212865900Z","NIFTY","PE","NFO:NIFTY2641323850PE","23842.65","23700","1723670","12208300","0","0","142.35","0.05"
"992c0e87","2026-04-13T10:15:19.212865900Z","NIFTY","PE","NFO:NIFTY2641323850PE","23842.65","23750","1784185","10138505","0","0","92.35","0.05"
"992c0e87","2026-04-13T10:15:19.212865900Z","NIFTY","PE","NFO:NIFTY2641323850PE","23842.65","23800","5700695","27022580","0","0","42.55","0.05"
"992c0e87","2026-04-13T10:15:19.212865900Z","NIFTY","PE","NFO:NIFTY2641323850PE","23842.65","23850","21555365","11434995","0","0","0.05","7.3"
"992c0e87","2026-04-13T10:15:19.212865900Z","NIFTY","PE","NFO:NIFTY2641323850PE","23842.65","23900","14272245","5436275","0","0","0.05","57.1"
"992c0e87","2026-04-13T10:15:19.212865900Z","NIFTY","PE","NFO:NIFTY2641323850PE","23842.65","23950","7834645","1465880","0","0","0.05","107.3"
"992c0e87","2026-04-13T10:15:19.212865900Z","NIFTY","PE","NFO:NIFTY2641323850PE","23842.65","24000","10880545","2188940","0","0","0.05","157"
"992c0e87","2026-04-13T10:15:19.212865900Z","NIFTY","PE","NFO:NIFTY2641323850PE","23842.65","24050","4793035","596245","0","0","0.05","207.4"
"992c0e87","2026-04-13T10:15:19.212865900Z","NIFTY","PE","NFO:NIFTY2641323850PE","23842.65","24100","8636810","445640","0","0","0.05","256.85"
"d2aaa749","2026-04-13T10:16:50.395721200Z","NIFTY","CE","NFO:NIFTY2641323850CE","23842.65","23600","1982110","9700275","0","0","242.5","0.05"
"d2aaa749","2026-04-13T10:16:50.395721200Z","NIFTY","CE","NFO:NIFTY2641323850CE","23842.65","23650","1117545","6879340","0","0","192.4","0.05"
"d2aaa749","2026-04-13T10:16:50.395721200Z","NIFTY","CE","NFO:NIFTY2641323850CE","23842.65","23700","1723670","12208300","0","0","142.35","0.05"
"d2aaa749","2026-04-13T10:16:50.395721200Z","NIFTY","CE","NFO:NIFTY2641323850CE","23842.65","23750","1784185","10138505","0","0","92.35","0.05"
"d2aaa749","2026-04-13T10:16:50.395721200Z","NIFTY","CE","NFO:NIFTY2641323850CE","23842.65","23800","5700695","27022580","0","0","42.55","0.05"
"d2aaa749","2026-04-13T10:16:50.395721200Z","NIFTY","CE","NFO:NIFTY2641323850CE","23842.65","23850","21555365","11434995","0","0","0.05","7.3"
"d2aaa749","2026-04-13T10:16:50.395721200Z","NIFTY","CE","NFO:NIFTY2641323850CE","23842.65","23900","14272245","5436275","0","0","0.05","57.1"
"d2aaa749","2026-04-13T10:16:50.395721200Z","NIFTY","CE","NFO:NIFTY2641323850CE","23842.65","23950","7834645","1465880","0","0","0.05","107.3"
"d2aaa749","2026-04-13T10:16:50.395721200Z","NIFTY","CE","NFO:NIFTY2641323850CE","23842.65","24000","10880545","2188940","0","0","0.05","157"
"d2aaa749","2026-04-13T10:16:50.395721200Z","NIFTY","CE","NFO:NIFTY2641323850CE","23842.65","24050","4793035","596245","0","0","0.05","207.4"
"d2aaa749","2026-04-13T10:16:50.395721200Z","NIFTY","CE","NFO:NIFTY2641323850CE","23842.65","24100","8636810","445640","0","0","0.05","256.85"
"9168be54","2026-04-13T10:16:51.475821400Z","NIFTY","PE","NFO:NIFTY2641323850PE","23842.65","23600","1982110","9700275","0","0","242.5","0.05"
"9168be54","2026-04-13T10:16:51.475821400Z","NIFTY","PE","NFO:NIFTY2641323850PE","23842.65","23650","1117545","6879340","0","0","192.4","0.05"
"9168be54","2026-04-13T10:16:51.475821400Z","NIFTY","PE","NFO:NIFTY2641323850PE","23842.65","23700","1723670","12208300","0","0","142.35","0.05"
"9168be54","2026-04-13T10:16:51.475821400Z","NIFTY","PE","NFO:NIFTY2641323850PE","23842.65","23750","1784185","10138505","0","0","92.35","0.05"
"9168be54","2026-04-13T10:16:51.475821400Z","NIFTY","PE","NFO:NIFTY2641323850PE","23842.65","23800","5700695","27022580","0","0","42.55","0.05"
"9168be54","2026-04-13T10:16:51.475821400Z","NIFTY","PE","NFO:NIFTY2641323850PE","23842.65","23850","21555365","11434995","0","0","0.05","7.3"
"9168be54","2026-04-13T10:16:51.475821400Z","NIFTY","PE","NFO:NIFTY2641323850PE","23842.65","23900","14272245","5436275","0","0","0.05","57.1"
"9168be54","2026-04-13T10:16:51.475821400Z","NIFTY","PE","NFO:NIFTY2641323850PE","23842.65","23950","7834645","1465880","0","0","0.05","107.3"
"9168be54","2026-04-13T10:16:51.475821400Z","NIFTY","PE","NFO:NIFTY2641323850PE","23842.65","24000","10880545","2188940","0","0","0.05","157"
"9168be54","2026-04-13T10:16:51.475821400Z","NIFTY","PE","NFO:NIFTY2641323850PE","23842.65","24050","4793035","596245","0","0","0.05","207.4"
"9168be54","2026-04-13T10:16:51.475821400Z","NIFTY","PE","NFO:NIFTY2641323850PE","23842.65","24100","8636810","445640","0","0","0.05","256.85"
"a9e5fbf5","2026-04-13T10:17:52.306114100Z","NIFTY","CE","NFO:NIFTY2641323850CE","23842.65","23600","1982110","9700275","0","0","242.5","0.05"
"a9e5fbf5","2026-04-13T10:17:52.306114100Z","NIFTY","CE","NFO:NIFTY2641323850CE","23842.65","23650","1117545","6879340","0","0","192.4","0.05"
"a9e5fbf5","2026-04-13T10:17:52.306114100Z","NIFTY","CE","NFO:NIFTY2641323850CE","23842.65","23700","1723670","12208300","0","0","142.35","0.05"
"a9e5fbf5","2026-04-13T10:17:52.306114100Z","NIFTY","CE","NFO:NIFTY2641323850CE","23842.65","23750","1784185","10138505","0","0","92.35","0.05"
"a9e5fbf5","2026-04-13T10:17:52.306114100Z","NIFTY","CE","NFO:NIFTY2641323850CE","23842.65","23800","5700695","27022580","0","0","42.55","0.05"
"a9e5fbf5","2026-04-13T10:17:52.306114100Z","NIFTY","CE","NFO:NIFTY2641323850CE","23842.65","23850","21555365","11434995","0","0","0.05","7.3"
"a9e5fbf5","2026-04-13T10:17:52.306114100Z","NIFTY","CE","NFO:NIFTY2641323850CE","23842.65","23900","14272245","5436275","0","0","0.05","57.1"
"a9e5fbf5","2026-04-13T10:17:52.306114100Z","NIFTY","CE","NFO:NIFTY2641323850CE","23842.65","23950","7834645","1465880","0","0","0.05","107.3"
"a9e5fbf5","2026-04-13T10:17:52.306114100Z","NIFTY","CE","NFO:NIFTY2641323850CE","23842.65","24000","10880545","2188940","0","0","0.05","157"
"a9e5fbf5","2026-04-13T10:17:52.306114100Z","NIFTY","CE","NFO:NIFTY2641323850CE","23842.65","24050","4793035","596245","0","0","0.05","207.4"
"a9e5fbf5","2026-04-13T10:17:52.306114100Z","NIFTY","CE","NFO:NIFTY2641323850CE","23842.65","24100","8636810","445640","0","0","0.05","256.85"
"6e8f2654","2026-04-13T10:17:52.493121100Z","NIFTY","PE","NFO:NIFTY2641323850PE","23842.65","23600","1982110","9700275","0","0","242.5","0.05"
"6e8f2654","2026-04-13T10:17:52.493121100Z","NIFTY","PE","NFO:NIFTY2641323850PE","23842.65","23650","1117545","6879340","0","0","192.4","0.05"
"6e8f2654","2026-04-13T10:17:52.493121100Z","NIFTY","PE","NFO:NIFTY2641323850PE","23842.65","23700","1723670","12208300","0","0","142.35","0.05"
"6e8f2654","2026-04-13T10:17:52.493121100Z","NIFTY","PE","NFO:NIFTY2641323850PE","23842.65","23750","1784185","10138505","0","0","92.35","0.05"
"6e8f2654","2026-04-13T10:17:52.493121100Z","NIFTY","PE","NFO:NIFTY2641323850PE","23842.65","23800","5700695","27022580","0","0","42.55","0.05"
"6e8f2654","2026-04-13T10:17:52.493121100Z","NIFTY","PE","NFO:NIFTY2641323850PE","23842.65","23850","21555365","11434995","0","0","0.05","7.3"
"6e8f2654","2026-04-13T10:17:52.493121100Z","NIFTY","PE","NFO:NIFTY2641323850PE","23842.65","23900","14272245","5436275","0","0","0.05","57.1"
"6e8f2654","2026-04-13T10:17:52.493121100Z","NIFTY","PE","NFO:NIFTY2641323850PE","23842.65","23950","7834645","1465880","0","0","0.05","107.3"
"6e8f2654","2026-04-13T10:17:52.493121100Z","NIFTY","PE","NFO:NIFTY2641323850PE","23842.65","24000","10880545","2188940","0","0","0.05","157"
"6e8f2654","2026-04-13T10:17:52.493121100Z","NIFTY","PE","NFO:NIFTY2641323850PE","23842.65","24050","4793035","596245","0","0","0.05","207.4"
"6e8f2654","2026-04-13T10:17:52.493121100Z","NIFTY","PE","NFO:NIFTY2641323850PE","23842.65","24100","8636810","445640","0","0","0.05","256.85"
"4f1a9074","2026-04-13T10:18:52.925999300Z","NIFTY","CE","NFO:NIFTY2641323850CE","23842.65","23600","1982110","9700275","0","0","242.5","0.05"
"4f1a9074","2026-04-13T10:18:52.925999300Z","NIFTY","CE","NFO:NIFTY2641323850CE","23842.65","23650","1117545","6879340","0","0","192.4","0.05"
"4f1a9074","2026-04-13T10:18:52.925999300Z","NIFTY","CE","NFO:NIFTY2641323850CE","23842.65","23700","1723670","12208300","0","0","142.35","0.05"
"4f1a9074","2026-04-13T10:18:52.925999300Z","NIFTY","CE","NFO:NIFTY2641323850CE","23842.65","23750","1784185","10138505","0","0","92.35","0.05"
"4f1a9074","2026-04-13T10:18:52.925999300Z","NIFTY","CE","NFO:NIFTY2641323850CE","23842.65","23800","5700695","27022580","0","0","42.55","0.05"
"4f1a9074","2026-04-13T10:18:52.925999300Z","NIFTY","CE","NFO:NIFTY2641323850CE","23842.65","23850","21555365","11434995","0","0","0.05","7.3"
"4f1a9074","2026-04-13T10:18:52.925999300Z","NIFTY","CE","NFO:NIFTY2641323850CE","23842.65","23900","14272245","5436275","0","0","0.05","57.1"
"4f1a9074","2026-04-13T10:18:52.925999300Z","NIFTY","CE","NFO:NIFTY2641323850CE","23842.65","23950","7834645","1465880","0","0","0.05","107.3"
"4f1a9074","2026-04-13T10:18:52.925999300Z","NIFTY","CE","NFO:NIFTY2641323850CE","23842.65","24000","10880545","2188940","0","0","0.05","157"
"4f1a9074","2026-04-13T10:18:52.925999300Z","NIFTY","CE","NFO:NIFTY2641323850CE","23842.65","24050","4793035","596245","0","0","0.05","207.4"
"4f1a9074","2026-04-13T10:18:52.925999300Z","NIFTY","CE","NFO:NIFTY2641323850CE","23842.65","24100","8636810","445640","0","0","0.05","256.85"
"a3fb7497","2026-04-13T10:18:53.060496900Z","NIFTY","PE","NFO:NIFTY2641323850PE","23842.65","23600","1982110","9700275","0","0","242.5","0.05"
"a3fb7497","2026-04-13T10:18:53.060496900Z","NIFTY","PE","NFO:NIFTY2641323850PE","23842.65","23650","1117545","6879340","0","0","192.4","0.05"
"a3fb7497","2026-04-13T10:18:53.060496900Z","NIFTY","PE","NFO:NIFTY2641323850PE","23842.65","23700","1723670","12208300","0","0","142.35","0.05"
"a3fb7497","2026-04-13T10:18:53.060496900Z","NIFTY","PE","NFO:NIFTY2641323850PE","23842.65","23750","1784185","10138505","0","0","92.35","0.05"
"a3fb7497","2026-04-13T10:18:53.060496900Z","NIFTY","PE","NFO:NIFTY2641323850PE","23842.65","23800","5700695","27022580","0","0","42.55","0.05"
"a3fb7497","2026-04-13T10:18:53.060496900Z","NIFTY","PE","NFO:NIFTY2641323850PE","23842.65","23850","21555365","11434995","0","0","0.05","7.3"
"a3fb7497","2026-04-13T10:18:53.060496900Z","NIFTY","PE","NFO:NIFTY2641323850PE","23842.65","23900","14272245","5436275","0","0","0.05","57.1"
"a3fb7497","2026-04-13T10:18:53.060496900Z","NIFTY","PE","NFO:NIFTY2641323850PE","23842.65","23950","7834645","1465880","0","0","0.05","107.3"
"a3fb7497","2026-04-13T10:18:53.060496900Z","NIFTY","PE","NFO:NIFTY2641323850PE","23842.65","24000","10880545","2188940","0","0","0.05","157"
"a3fb7497","2026-04-13T10:18:53.060496900Z","NIFTY","PE","NFO:NIFTY2641323850PE","23842.65","24050","4793035","596245","0","0","0.05","207.4"
"a3fb7497","2026-04-13T10:18:53.060496900Z","NIFTY","PE","NFO:NIFTY2641323850PE","23842.65","24100","8636810","445640","0","0","0.05","256.85"
"174fd288","2026-04-13T10:19:53.590801700Z","NIFTY","CE","NFO:NIFTY2641323850CE","23842.65","23600","1982110","9700275","0","0","242.5","0.05"
"174fd288","2026-04-13T10:19:53.590801700Z","NIFTY","CE","NFO:NIFTY2641323850CE","23842.65","23650","1117545","6879340","0","0","192.4","0.05"
"174fd288","2026-04-13T10:19:53.590801700Z","NIFTY","CE","NFO:NIFTY2641323850CE","23842.65","23700","1723670","12208300","0","0","142.35","0.05"
"174fd288","2026-04-13T10:19:53.590801700Z","NIFTY","CE","NFO:NIFTY2641323850CE","23842.65","23750","1784185","10138505","0","0","92.35","0.05"
"174fd288","2026-04-13T10:19:53.590801700Z","NIFTY","CE","NFO:NIFTY2641323850CE","23842.65","23800","5700695","27022580","0","0","42.55","0.05"
"174fd288","2026-04-13T10:19:53.590801700Z","NIFTY","CE","NFO:NIFTY2641323850CE","23842.65","23850","21555365","11434995","0","0","0.05","7.3"
"174fd288","2026-04-13T10:19:53.590801700Z","NIFTY","CE","NFO:NIFTY2641323850CE","23842.65","23900","14272245","5436275","0","0","0.05","57.1"
"174fd288","2026-04-13T10:19:53.590801700Z","NIFTY","CE","NFO:NIFTY2641323850CE","23842.65","23950","7834645","1465880","0","0","0.05","107.3"
"174fd288","2026-04-13T10:19:53.590801700Z","NIFTY","CE","NFO:NIFTY2641323850CE","23842.65","24000","10880545","2188940","0","0","0.05","157"
"174fd288","2026-04-13T10:19:53.590801700Z","NIFTY","CE","NFO:NIFTY2641323850CE","23842.65","24050","4793035","596245","0","0","0.05","207.4"
"174fd288","2026-04-13T10:19:53.590801700Z","NIFTY","CE","NFO:NIFTY2641323850CE","23842.65","24100","8636810","445640","0","0","0.05","256.85"
"29507592","2026-04-13T10:19:53.731404100Z","NIFTY","PE","NFO:NIFTY2641323850PE","23842.65","23600","1982110","9700275","0","0","242.5","0.05"
"29507592","2026-04-13T10:19:53.731404100Z","NIFTY","PE","NFO:NIFTY2641323850PE","23842.65","23650","1117545","6879340","0","0","192.4","0.05"
"29507592","2026-04-13T10:19:53.731404100Z","NIFTY","PE","NFO:NIFTY2641323850PE","23842.65","23700","1723670","12208300","0","0","142.35","0.05"
"29507592","2026-04-13T10:19:53.731404100Z","NIFTY","PE","NFO:NIFTY2641323850PE","23842.65","23750","1784185","10138505","0","0","92.35","0.05"
"29507592","2026-04-13T10:19:53.731404100Z","NIFTY","PE","NFO:NIFTY2641323850PE","23842.65","23800","5700695","27022580","0","0","42.55","0.05"
"29507592","2026-04-13T10:19:53.731404100Z","NIFTY","PE","NFO:NIFTY2641323850PE","23842.65","23850","21555365","11434995","0","0","0.05","7.3"
"29507592","2026-04-13T10:19:53.731404100Z","NIFTY","PE","NFO:NIFTY2641323850PE","23842.65","23900","14272245","5436275","0","0","0.05","57.1"
"29507592","2026-04-13T10:19:53.731404100Z","NIFTY","PE","NFO:NIFTY2641323850PE","23842.65","23950","7834645","1465880","0","0","0.05","107.3"
"29507592","2026-04-13T10:19:53.731404100Z","NIFTY","PE","NFO:NIFTY2641323850PE","23842.65","24000","10880545","2188940","0","0","0.05","157"
"29507592","2026-04-13T10:19:53.731404100Z","NIFTY","PE","NFO:NIFTY2641323850PE","23842.65","24050","4793035","596245","0","0","0.05","207.4"
"29507592","2026-04-13T10:19:53.731404100Z","NIFTY","PE","NFO:NIFTY2641323850PE","23842.65","24100","8636810","445640","0","0","0.05","256.85"
"94fee71e","2026-04-13T10:20:54.179510Z","NIFTY","CE","NFO:NIFTY2641323850CE","23842.65","23600","1982110","9700275","0","0","242.5","0.05"
"94fee71e","2026-04-13T10:20:54.179510Z","NIFTY","CE","NFO:NIFTY2641323850CE","23842.65","23650","1117545","6879340","0","0","192.4","0.05"
"94fee71e","2026-04-13T10:20:54.179510Z","NIFTY","CE","NFO:NIFTY2641323850CE","23842.65","23700","1723670","12208300","0","0","142.35","0.05"
"94fee71e","2026-04-13T10:20:54.179510Z","NIFTY","CE","NFO:NIFTY2641323850CE","23842.65","23750","1784185","10138505","0","0","92.35","0.05"
"94fee71e","2026-04-13T10:20:54.179510Z","NIFTY","CE","NFO:NIFTY2641323850CE","23842.65","23800","5700695","27022580","0","0","42.55","0.05"
"94fee71e","2026-04-13T10:20:54.179510Z","NIFTY","CE","NFO:NIFTY2641323850CE","23842.65","23850","21555365","11434995","0","0","0.05","7.3"
"94fee71e","2026-04-13T10:20:54.179510Z","NIFTY","CE","NFO:NIFTY2641323850CE","23842.65","23900","14272245","5436275","0","0","0.05","57.1"
"94fee71e","2026-04-13T10:20:54.179510Z","NIFTY","CE","NFO:NIFTY2641323850CE","23842.65","23950","7834645","1465880","0","0","0.05","107.3"
"94fee71e","2026-04-13T10:20:54.179510Z","NIFTY","CE","NFO:NIFTY2641323850CE","23842.65","24000","10880545","2188940","0","0","0.05","157"
"94fee71e","2026-04-13T10:20:54.179510Z","NIFTY","CE","NFO:NIFTY2641323850CE","23842.65","24050","4793035","596245","0","0","0.05","207.4"
"94fee71e","2026-04-13T10:20:54.179510Z","NIFTY","CE","NFO:NIFTY2641323850CE","23842.65","24100","8636810","445640","0","0","0.05","256.85"
"98731ba3","2026-04-13T10:20:54.465359800Z","NIFTY","PE","NFO:NIFTY2641323850PE","23842.65","23600","1982110","9700275","0","0","242.5","0.05"
"98731ba3","2026-04-13T10:20:54.465359800Z","NIFTY","PE","NFO:NIFTY2641323850PE","23842.65","23650","1117545","6879340","0","0","192.4","0.05"
"98731ba3","2026-04-13T10:20:54.465359800Z","NIFTY","PE","NFO:NIFTY2641323850PE","23842.65","23700","1723670","12208300","0","0","142.35","0.05"
"98731ba3","2026-04-13T10:20:54.465359800Z","NIFTY","PE","NFO:NIFTY2641323850PE","23842.65","23750","1784185","10138505","0","0","92.35","0.05"
"98731ba3","2026-04-13T10:20:54.465359800Z","NIFTY","PE","NFO:NIFTY2641323850PE","23842.65","23800","5700695","27022580","0","0","42.55","0.05"
"98731ba3","2026-04-13T10:20:54.465359800Z","NIFTY","PE","NFO:NIFTY2641323850PE","23842.65","23850","21555365","11434995","0","0","0.05","7.3"
"98731ba3","2026-04-13T10:20:54.465359800Z","NIFTY","PE","NFO:NIFTY2641323850PE","23842.65","23900","14272245","5436275","0","0","0.05","57.1"
"98731ba3","2026-04-13T10:20:54.465359800Z","NIFTY","PE","NFO:NIFTY2641323850PE","23842.65","23950","7834645","1465880","0","0","0.05","107.3"
"98731ba3","2026-04-13T10:20:54.465359800Z","NIFTY","PE","NFO:NIFTY2641323850PE","23842.65","24000","10880545","2188940","0","0","0.05","157"
"98731ba3","2026-04-13T10:20:54.465359800Z","NIFTY","PE","NFO:NIFTY2641323850PE","23842.65","24050","4793035","596245","0","0","0.05","207.4"
"98731ba3","2026-04-13T10:20:54.465359800Z","NIFTY","PE","NFO:NIFTY2641323850PE","23842.65","24100","8636810","445640","0","0","0.05","256.85"
"e61e6a53","2026-04-13T10:21:55.177439300Z","NIFTY","CE","NFO:NIFTY2641323850CE","23842.65","23600","1982110","9700275","0","0","242.5","0.05"
"e61e6a53","2026-04-13T10:21:55.177439300Z","NIFTY","CE","NFO:NIFTY2641323850CE","23842.65","23650","1117545","6879340","0","0","192.4","0.05"
"e61e6a53","2026-04-13T10:21:55.177439300Z","NIFTY","CE","NFO:NIFTY2641323850CE","23842.65","23700","1723670","12208300","0","0","142.35","0.05"
"e61e6a53","2026-04-13T10:21:55.177439300Z","NIFTY","CE","NFO:NIFTY2641323850CE","23842.65","23750","1784185","10138505","0","0","92.35","0.05"
"e61e6a53","2026-04-13T10:21:55.177439300Z","NIFTY","CE","NFO:NIFTY2641323850CE","23842.65","23800","5700695","27022580","0","0","42.55","0.05"
"e61e6a53","2026-04-13T10:21:55.177439300Z","NIFTY","CE","NFO:NIFTY2641323850CE","23842.65","23850","21555365","11434995","0","0","0.05","7.3"
"e61e6a53","2026-04-13T10:21:55.177439300Z","NIFTY","CE","NFO:NIFTY2641323850CE","23842.65","23900","14272245","5436275","0","0","0.05","57.1"
"e61e6a53","2026-04-13T10:21:55.177439300Z","NIFTY","CE","NFO:NIFTY2641323850CE","23842.65","23950","7834645","1465880","0","0","0.05","107.3"
"e61e6a53","2026-04-13T10:21:55.177439300Z","NIFTY","CE","NFO:NIFTY2641323850CE","23842.65","24000","10880545","2188940","0","0","0.05","157"
"e61e6a53","2026-04-13T10:21:55.177439300Z","NIFTY","CE","NFO:NIFTY2641323850CE","23842.65","24050","4793035","596245","0","0","0.05","207.4"
"e61e6a53","2026-04-13T10:21:55.177439300Z","NIFTY","CE","NFO:NIFTY2641323850CE","23842.65","24100","8636810","445640","0","0","0.05","256.85"
"4ab055a3","2026-04-13T10:21:55.330531700Z","NIFTY","PE","NFO:NIFTY2641323850PE","23842.65","23600","1982110","9700275","0","0","242.5","0.05"
"4ab055a3","2026-04-13T10:21:55.330531700Z","NIFTY","PE","NFO:NIFTY2641323850PE","23842.65","23650","1117545","6879340","0","0","192.4","0.05"
"4ab055a3","2026-04-13T10:21:55.330531700Z","NIFTY","PE","NFO:NIFTY2641323850PE","23842.65","23700","1723670","12208300","0","0","142.35","0.05"
"4ab055a3","2026-04-13T10:21:55.330531700Z","NIFTY","PE","NFO:NIFTY2641323850PE","23842.65","23750","1784185","10138505","0","0","92.35","0.05"
"4ab055a3","2026-04-13T10:21:55.330531700Z","NIFTY","PE","NFO:NIFTY2641323850PE","23842.65","23800","5700695","27022580","0","0","42.55","0.05"
"4ab055a3","2026-04-13T10:21:55.330531700Z","NIFTY","PE","NFO:NIFTY2641323850PE","23842.65","23850","21555365","11434995","0","0","0.05","7.3"
"4ab055a3","2026-04-13T10:21:55.330531700Z","NIFTY","PE","NFO:NIFTY2641323850PE","23842.65","23900","14272245","5436275","0","0","0.05","57.1"
"4ab055a3","2026-04-13T10:21:55.330531700Z","NIFTY","PE","NFO:NIFTY2641323850PE","23842.65","23950","7834645","1465880","0","0","0.05","107.3"
"4ab055a3","2026-04-13T10:21:55.330531700Z","NIFTY","PE","NFO:NIFTY2641323850PE","23842.65","24000","10880545","2188940","0","0","0.05","157"
"4ab055a3","2026-04-13T10:21:55.330531700Z","NIFTY","PE","NFO:NIFTY2641323850PE","23842.65","24050","4793035","596245","0","0","0.05","207.4"
"4ab055a3","2026-04-13T10:21:55.330531700Z","NIFTY","PE","NFO:NIFTY2641323850PE","23842.65","24100","8636810","445640","0","0","0.05","256.85"
"ccd758d","2026-04-13T10:22:56.149080600Z","NIFTY","CE","NFO:NIFTY2641323850CE","23842.65","23600","1982110","9700275","0","0","242.5","0.05"
"ccd758d","2026-04-13T10:22:56.149080600Z","NIFTY","CE","NFO:NIFTY2641323850CE","23842.65","23650","1117545","6879340","0","0","192.4","0.05"
"ccd758d","2026-04-13T10:22:56.149080600Z","NIFTY","CE","NFO:NIFTY2641323850CE","23842.65","23700","1723670","12208300","0","0","142.35","0.05"
"ccd758d","2026-04-13T10:22:56.149080600Z","NIFTY","CE","NFO:NIFTY2641323850CE","23842.65","23750","1784185","10138505","0","0","92.35","0.05"
"ccd758d","2026-04-13T10:22:56.149080600Z","NIFTY","CE","NFO:NIFTY2641323850CE","23842.65","23800","5700695","27022580","0","0","42.55","0.05"
"ccd758d","2026-04-13T10:22:56.149080600Z","NIFTY","CE","NFO:NIFTY2641323850CE","23842.65","23850","21555365","11434995","0","0","0.05","7.3"
"ccd758d","2026-04-13T10:22:56.149080600Z","NIFTY","CE","NFO:NIFTY2641323850CE","23842.65","23900","14272245","5436275","0","0","0.05","57.1"
"ccd758d","2026-04-13T10:22:56.149080600Z","NIFTY","CE","NFO:NIFTY2641323850CE","23842.65","23950","7834645","1465880","0","0","0.05","107.3"
"ccd758d","2026-04-13T10:22:56.149080600Z","NIFTY","CE","NFO:NIFTY2641323850CE","23842.65","24000","10880545","2188940","0","0","0.05","157"
"ccd758d","2026-04-13T10:22:56.149080600Z","NIFTY","CE","NFO:NIFTY2641323850CE","23842.65","24050","4793035","596245","0","0","0.05","207.4"
"ccd758d","2026-04-13T10:22:56.149080600Z","NIFTY","CE","NFO:NIFTY2641323850CE","23842.65","24100","8636810","445640","0","0","0.05","256.85"
"95d39787","2026-04-13T10:22:56.337187100Z","NIFTY","PE","NFO:NIFTY2641323850PE","23842.65","23600","1982110","9700275","0","0","242.5","0.05"
"95d39787","2026-04-13T10:22:56.337187100Z","NIFTY","PE","NFO:NIFTY2641323850PE","23842.65","23650","1117545","6879340","0","0","192.4","0.05"
"95d39787","2026-04-13T10:22:56.337187100Z","NIFTY","PE","NFO:NIFTY2641323850PE","23842.65","23700","1723670","12208300","0","0","142.35","0.05"
"95d39787","2026-04-13T10:22:56.337187100Z","NIFTY","PE","NFO:NIFTY2641323850PE","23842.65","23750","1784185","10138505","0","0","92.35","0.05"
"95d39787","2026-04-13T10:22:56.337187100Z","NIFTY","PE","NFO:NIFTY2641323850PE","23842.65","23800","5700695","27022580","0","0","42.55","0.05"
"95d39787","2026-04-13T10:22:56.337187100Z","NIFTY","PE","NFO:NIFTY2641323850PE","23842.65","23850","21555365","11434995","0","0","0.05","7.3"
"95d39787","2026-04-13T10:22:56.337187100Z","NIFTY","PE","NFO:NIFTY2641323850PE","23842.65","23900","14272245","5436275","0","0","0.05","57.1"
"95d39787","2026-04-13T10:22:56.337187100Z","NIFTY","PE","NFO:NIFTY2641323850PE","23842.65","23950","7834645","1465880","0","0","0.05","107.3"
"95d39787","2026-04-13T10:22:56.337187100Z","NIFTY","PE","NFO:NIFTY2641323850PE","23842.65","24000","10880545","2188940","0","0","0.05","157"
"95d39787","2026-04-13T10:22:56.337187100Z","NIFTY","PE","NFO:NIFTY2641323850PE","23842.65","24050","4793035","596245","0","0","0.05","207.4"
"95d39787","2026-04-13T10:22:56.337187100Z","NIFTY","PE","NFO:NIFTY2641323850PE","23842.65","24100","8636810","445640","0","0","0.05","256.85"
"5039f73c","2026-04-13T10:23:56.976248200Z","NIFTY","CE","NFO:NIFTY2641323850CE","23842.65","23600","1982110","9700275","0","0","242.5","0.05"
"5039f73c","2026-04-13T10:23:56.976248200Z","NIFTY","CE","NFO:NIFTY2641323850CE","23842.65","23650","1117545","6879340","0","0","192.4","0.05"
"5039f73c","2026-04-13T10:23:56.976248200Z","NIFTY","CE","NFO:NIFTY2641323850CE","23842.65","23700","1723670","12208300","0","0","142.35","0.05"
"5039f73c","2026-04-13T10:23:56.976248200Z","NIFTY","CE","NFO:NIFTY2641323850CE","23842.65","23750","1784185","10138505","0","0","92.35","0.05"
"5039f73c","2026-04-13T10:23:56.976248200Z","NIFTY","CE","NFO:NIFTY2641323850CE","23842.65","23800","5700695","27022580","0","0","42.55","0.05"
"5039f73c","2026-04-13T10:23:56.976248200Z","NIFTY","CE","NFO:NIFTY2641323850CE","23842.65","23850","21555365","11434995","0","0","0.05","7.3"
"5039f73c","2026-04-13T10:23:56.976248200Z","NIFTY","CE","NFO:NIFTY2641323850CE","23842.65","23900","14272245","5436275","0","0","0.05","57.1"
"5039f73c","2026-04-13T10:23:56.976248200Z","NIFTY","CE","NFO:NIFTY2641323850CE","23842.65","23950","7834645","1465880","0","0","0.05","107.3"
"5039f73c","2026-04-13T10:23:56.976248200Z","NIFTY","CE","NFO:NIFTY2641323850CE","23842.65","24000","10880545","2188940","0","0","0.05","157"
"5039f73c","2026-04-13T10:23:56.976248200Z","NIFTY","CE","NFO:NIFTY2641323850CE","23842.65","24050","4793035","596245","0","0","0.05","207.4"
"5039f73c","2026-04-13T10:23:56.976248200Z","NIFTY","CE","NFO:NIFTY2641323850CE","23842.65","24100","8636810","445640","0","0","0.05","256.85"
"eb16fae5","2026-04-13T10:23:57.116553300Z","NIFTY","PE","NFO:NIFTY2641323850PE","23842.65","23600","1982110","9700275","0","0","242.5","0.05"
"eb16fae5","2026-04-13T10:23:57.116553300Z","NIFTY","PE","NFO:NIFTY2641323850PE","23842.65","23650","1117545","6879340","0","0","192.4","0.05"
"eb16fae5","2026-04-13T10:23:57.116553300Z","NIFTY","PE","NFO:NIFTY2641323850PE","23842.65","23700","1723670","12208300","0","0","142.35","0.05"
"eb16fae5","2026-04-13T10:23:57.116553300Z","NIFTY","PE","NFO:NIFTY2641323850PE","23842.65","23750","1784185","10138505","0","0","92.35","0.05"
"eb16fae5","2026-04-13T10:23:57.116553300Z","NIFTY","PE","NFO:NIFTY2641323850PE","23842.65","23800","5700695","27022580","0","0","42.55","0.05"
"eb16fae5","2026-04-13T10:23:57.116553300Z","NIFTY","PE","NFO:NIFTY2641323850PE","23842.65","23850","21555365","11434995","0","0","0.05","7.3"
"eb16fae5","2026-04-13T10:23:57.116553300Z","NIFTY","PE","NFO:NIFTY2641323850PE","23842.65","23900","14272245","5436275","0","0","0.05","57.1"
"eb16fae5","2026-04-13T10:23:57.116553300Z","NIFTY","PE","NFO:NIFTY2641323850PE","23842.65","23950","7834645","1465880","0","0","0.05","107.3"
"eb16fae5","2026-04-13T10:23:57.116553300Z","NIFTY","PE","NFO:NIFTY2641323850PE","23842.65","24000","10880545","2188940","0","0","0.05","157"
"eb16fae5","2026-04-13T10:23:57.116553300Z","NIFTY","PE","NFO:NIFTY2641323850PE","23842.65","24050","4793035","596245","0","0","0.05","207.4"
"eb16fae5","2026-04-13T10:23:57.116553300Z","NIFTY","PE","NFO:NIFTY2641323850PE","23842.65","24100","8636810","445640","0","0","0.05","256.85"
"7c2c60ba","2026-04-13T10:24:57.824846200Z","NIFTY","CE","NFO:NIFTY2641323850CE","23842.65","23600","1982110","9700275","0","0","242.5","0.05"
"7c2c60ba","2026-04-13T10:24:57.824846200Z","NIFTY","CE","NFO:NIFTY2641323850CE","23842.65","23650","1117545","6879340","0","0","192.4","0.05"
"7c2c60ba","2026-04-13T10:24:57.824846200Z","NIFTY","CE","NFO:NIFTY2641323850CE","23842.65","23700","1723670","12208300","0","0","142.35","0.05"
"7c2c60ba","2026-04-13T10:24:57.824846200Z","NIFTY","CE","NFO:NIFTY2641323850CE","23842.65","23750","1784185","10138505","0","0","92.35","0.05"
"7c2c60ba","2026-04-13T10:24:57.824846200Z","NIFTY","CE","NFO:NIFTY2641323850CE","23842.65","23800","5700695","27022580","0","0","42.55","0.05"
"7c2c60ba","2026-04-13T10:24:57.824846200Z","NIFTY","CE","NFO:NIFTY2641323850CE","23842.65","23850","21555365","11434995","0","0","0.05","7.3"
"7c2c60ba","2026-04-13T10:24:57.824846200Z","NIFTY","CE","NFO:NIFTY2641323850CE","23842.65","23900","14272245","5436275","0","0","0.05","57.1"
"7c2c60ba","2026-04-13T10:24:57.824846200Z","NIFTY","CE","NFO:NIFTY2641323850CE","23842.65","23950","7834645","1465880","0","0","0.05","107.3"
"7c2c60ba","2026-04-13T10:24:57.824846200Z","NIFTY","CE","NFO:NIFTY2641323850CE","23842.65","24000","10880545","2188940","0","0","0.05","157"
"7c2c60ba","2026-04-13T10:24:57.824846200Z","NIFTY","CE","NFO:NIFTY2641323850CE","23842.65","24050","4793035","596245","0","0","0.05","207.4"
"7c2c60ba","2026-04-13T10:24:57.824846200Z","NIFTY","CE","NFO:NIFTY2641323850CE","23842.65","24100","8636810","445640","0","0","0.05","256.85"
"d3d216bd","2026-04-13T10:24:57.995876100Z","NIFTY","PE","NFO:NIFTY2641323850PE","23842.65","23600","1982110","9700275","0","0","242.5","0.05"
"d3d216bd","2026-04-13T10:24:57.995876100Z","NIFTY","PE","NFO:NIFTY2641323850PE","23842.65","23650","1117545","6879340","0","0","192.4","0.05"
"d3d216bd","2026-04-13T10:24:57.995876100Z","NIFTY","PE","NFO:NIFTY2641323850PE","23842.65","23700","1723670","12208300","0","0","142.35","0.05"
"d3d216bd","2026-04-13T10:24:57.995876100Z","NIFTY","PE","NFO:NIFTY2641323850PE","23842.65","23750","1784185","10138505","0","0","92.35","0.05"
"d3d216bd","2026-04-13T10:24:57.995876100Z","NIFTY","PE","NFO:NIFTY2641323850PE","23842.65","23800","5700695","27022580","0","0","42.55","0.05"
"d3d216bd","2026-04-13T10:24:57.995876100Z","NIFTY","PE","NFO:NIFTY2641323850PE","23842.65","23850","21555365","11434995","0","0","0.05","7.3"
"d3d216bd","2026-04-13T10:24:57.995876100Z","NIFTY","PE","NFO:NIFTY2641323850PE","23842.65","23900","14272245","5436275","0","0","0.05","57.1"
"d3d216bd","2026-04-13T10:24:57.995876100Z","NIFTY","PE","NFO:NIFTY2641323850PE","23842.65","23950","7834645","1465880","0","0","0.05","107.3"
"d3d216bd","2026-04-13T10:24:57.995876100Z","NIFTY","PE","NFO:NIFTY2641323850PE","23842.65","24000","10880545","2188940","0","0","0.05","157"
"d3d216bd","2026-04-13T10:24:57.995876100Z","NIFTY","PE","NFO:NIFTY2641323850PE","23842.65","24050","4793035","596245","0","0","0.05","207.4"
"d3d216bd","2026-04-13T10:24:57.995876100Z","NIFTY","PE","NFO:NIFTY2641323850PE","23842.65","24100","8636810","445640","0","0","0.05","256.85"
"5e3a5ab2","2026-04-13T10:26:02.297228400Z","NIFTY","CE","NFO:NIFTY2641323850CE","23842.65","23600","1982110","9700275","0","0","242.5","0.05"
"5e3a5ab2","2026-04-13T10:26:02.297228400Z","NIFTY","CE","NFO:NIFTY2641323850CE","23842.65","23650","1117545","6879340","0","0","192.4","0.05"
"5e3a5ab2","2026-04-13T10:26:02.297228400Z","NIFTY","CE","NFO:NIFTY2641323850CE","23842.65","23700","1723670","12208300","0","0","142.35","0.05"
"5e3a5ab2","2026-04-13T10:26:02.297228400Z","NIFTY","CE","NFO:NIFTY2641323850CE","23842.65","23750","1784185","10138505","0","0","92.35","0.05"
"5e3a5ab2","2026-04-13T10:26:02.297228400Z","NIFTY","CE","NFO:NIFTY2641323850CE","23842.65","23800","5700695","27022580","0","0","42.55","0.05"
"5e3a5ab2","2026-04-13T10:26:02.297228400Z","NIFTY","CE","NFO:NIFTY2641323850CE","23842.65","23850","21555365","11434995","0","0","0.05","7.3"
"5e3a5ab2","2026-04-13T10:26:02.297228400Z","NIFTY","CE","NFO:NIFTY2641323850CE","23842.65","23900","14272245","5436275","0","0","0.05","57.1"
"5e3a5ab2","2026-04-13T10:26:02.297228400Z","NIFTY","CE","NFO:NIFTY2641323850CE","23842.65","23950","7834645","1465880","0","0","0.05","107.3"
"5e3a5ab2","2026-04-13T10:26:02.297228400Z","NIFTY","CE","NFO:NIFTY2641323850CE","23842.65","24000","10880545","2188940","0","0","0.05","157"
"5e3a5ab2","2026-04-13T10:26:02.297228400Z","NIFTY","CE","NFO:NIFTY2641323850CE","23842.65","24050","4793035","596245","0","0","0.05","207.4"
"5e3a5ab2","2026-04-13T10:26:02.297228400Z","NIFTY","CE","NFO:NIFTY2641323850CE","23842.65","24100","8636810","445640","0","0","0.05","256.85"
"8346d8a8","2026-04-13T10:26:02.504097100Z","NIFTY","PE","NFO:NIFTY2641323850PE","23842.65","23600","1982110","9700275","0","0","242.5","0.05"
"8346d8a8","2026-04-13T10:26:02.504097100Z","NIFTY","PE","NFO:NIFTY2641323850PE","23842.65","23650","1117545","6879340","0","0","192.4","0.05"
"8346d8a8","2026-04-13T10:26:02.504097100Z","NIFTY","PE","NFO:NIFTY2641323850PE","23842.65","23700","1723670","12208300","0","0","142.35","0.05"
"8346d8a8","2026-04-13T10:26:02.504097100Z","NIFTY","PE","NFO:NIFTY2641323850PE","23842.65","23750","1784185","10138505","0","0","92.35","0.05"
"8346d8a8","2026-04-13T10:26:02.504097100Z","NIFTY","PE","NFO:NIFTY2641323850PE","23842.65","23800","5700695","27022580","0","0","42.55","0.05"
"8346d8a8","2026-04-13T10:26:02.504097100Z","NIFTY","PE","NFO:NIFTY2641323850PE","23842.65","23850","21555365","11434995","0","0","0.05","7.3"
"8346d8a8","2026-04-13T10:26:02.504097100Z","NIFTY","PE","NFO:NIFTY2641323850PE","23842.65","23900","14272245","5436275","0","0","0.05","57.1"
"8346d8a8","2026-04-13T10:26:02.504097100Z","NIFTY","PE","NFO:NIFTY2641323850PE","23842.65","23950","7834645","1465880","0","0","0.05","107.3"
"8346d8a8","2026-04-13T10:26:02.504097100Z","NIFTY","PE","NFO:NIFTY2641323850PE","23842.65","24000","10880545","2188940","0","0","0.05","157"
"8346d8a8","2026-04-13T10:26:02.504097100Z","NIFTY","PE","NFO:NIFTY2641323850PE","23842.65","24050","4793035","596245","0","0","0.05","207.4"
"8346d8a8","2026-04-13T10:26:02.504097100Z","NIFTY","PE","NFO:NIFTY2641323850PE","23842.65","24100","8636810","445640","0","0","0.05","256.85"
"ad817c94","2026-04-13T10:27:03.369726300Z","NIFTY","CE","NFO:NIFTY2641323850CE","23842.65","23600","1982110","9700275","0","0","242.5","0.05"
"ad817c94","2026-04-13T10:27:03.369726300Z","NIFTY","CE","NFO:NIFTY2641323850CE","23842.65","23650","1117545","6879340","0","0","192.4","0.05"
"ad817c94","2026-04-13T10:27:03.369726300Z","NIFTY","CE","NFO:NIFTY2641323850CE","23842.65","23700","1723670","12208300","0","0","142.35","0.05"
"ad817c94","2026-04-13T10:27:03.369726300Z","NIFTY","CE","NFO:NIFTY2641323850CE","23842.65","23750","1784185","10138505","0","0","92.35","0.05"
"ad817c94","2026-04-13T10:27:03.369726300Z","NIFTY","CE","NFO:NIFTY2641323850CE","23842.65","23800","5700695","27022580","0","0","42.55","0.05"
"ad817c94","2026-04-13T10:27:03.369726300Z","NIFTY","CE","NFO:NIFTY2641323850CE","23842.65","23850","21555365","11434995","0","0","0.05","7.3"
"ad817c94","2026-04-13T10:27:03.369726300Z","NIFTY","CE","NFO:NIFTY2641323850CE","23842.65","23900","14272245","5436275","0","0","0.05","57.1"
"ad817c94","2026-04-13T10:27:03.369726300Z","NIFTY","CE","NFO:NIFTY2641323850CE","23842.65","23950","7834645","1465880","0","0","0.05","107.3"
"ad817c94","2026-04-13T10:27:03.369726300Z","NIFTY","CE","NFO:NIFTY2641323850CE","23842.65","24000","10880545","2188940","0","0","0.05","157"
"ad817c94","2026-04-13T10:27:03.369726300Z","NIFTY","CE","NFO:NIFTY2641323850CE","23842.65","24050","4793035","596245","0","0","0.05","207.4"
"ad817c94","2026-04-13T10:27:03.369726300Z","NIFTY","CE","NFO:NIFTY2641323850CE","23842.65","24100","8636810","445640","0","0","0.05","256.85"
"d7c1824a","2026-04-13T10:27:03.513260300Z","NIFTY","PE","NFO:NIFTY2641323850PE","23842.65","23600","1982110","9700275","0","0","242.5","0.05"
"d7c1824a","2026-04-13T10:27:03.513260300Z","NIFTY","PE","NFO:NIFTY2641323850PE","23842.65","23650","1117545","6879340","0","0","192.4","0.05"
"d7c1824a","2026-04-13T10:27:03.513260300Z","NIFTY","PE","NFO:NIFTY2641323850PE","23842.65","23700","1723670","12208300","0","0","142.35","0.05"
"d7c1824a","2026-04-13T10:27:03.513260300Z","NIFTY","PE","NFO:NIFTY2641323850PE","23842.65","23750","1784185","10138505","0","0","92.35","0.05"
"d7c1824a","2026-04-13T10:27:03.513260300Z","NIFTY","PE","NFO:NIFTY2641323850PE","23842.65","23800","5700695","27022580","0","0","42.55","0.05"
"d7c1824a","2026-04-13T10:27:03.513260300Z","NIFTY","PE","NFO:NIFTY2641323850PE","23842.65","23850","21555365","11434995","0","0","0.05","7.3"
"d7c1824a","2026-04-13T10:27:03.513260300Z","NIFTY","PE","NFO:NIFTY2641323850PE","23842.65","23900","14272245","5436275","0","0","0.05","57.1"
"d7c1824a","2026-04-13T10:27:03.513260300Z","NIFTY","PE","NFO:NIFTY2641323850PE","23842.65","23950","7834645","1465880","0","0","0.05","107.3"
"d7c1824a","2026-04-13T10:27:03.513260300Z","NIFTY","PE","NFO:NIFTY2641323850PE","23842.65","24000","10880545","2188940","0","0","0.05","157"
"d7c1824a","2026-04-13T10:27:03.513260300Z","NIFTY","PE","NFO:NIFTY2641323850PE","23842.65","24050","4793035","596245","0","0","0.05","207.4"
"d7c1824a","2026-04-13T10:27:03.513260300Z","NIFTY","PE","NFO:NIFTY2641323850PE","23842.65","24100","8636810","445640","0","0","0.05","256.85"
"380b14c6","2026-04-13T10:28:03.927279700Z","NIFTY","CE","NFO:NIFTY2641323850CE","23842.65","23600","1982110","9700275","0","0","242.5","0.05"
"380b14c6","2026-04-13T10:28:03.927279700Z","NIFTY","CE","NFO:NIFTY2641323850CE","23842.65","23650","1117545","6879340","0","0","192.4","0.05"
"380b14c6","2026-04-13T10:28:03.927279700Z","NIFTY","CE","NFO:NIFTY2641323850CE","23842.65","23700","1723670","12208300","0","0","142.35","0.05"
"380b14c6","2026-04-13T10:28:03.927279700Z","NIFTY","CE","NFO:NIFTY2641323850CE","23842.65","23750","1784185","10138505","0","0","92.35","0.05"
"380b14c6","2026-04-13T10:28:03.927279700Z","NIFTY","CE","NFO:NIFTY2641323850CE","23842.65","23800","5700695","27022580","0","0","42.55","0.05"
"380b14c6","2026-04-13T10:28:03.927279700Z","NIFTY","CE","NFO:NIFTY2641323850CE","23842.65","23850","21555365","11434995","0","0","0.05","7.3"
"380b14c6","2026-04-13T10:28:03.927279700Z","NIFTY","CE","NFO:NIFTY2641323850CE","23842.65","23900","14272245","5436275","0","0","0.05","57.1"
"380b14c6","2026-04-13T10:28:03.927279700Z","NIFTY","CE","NFO:NIFTY2641323850CE","23842.65","23950","7834645","1465880","0","0","0.05","107.3"
"380b14c6","2026-04-13T10:28:03.927279700Z","NIFTY","CE","NFO:NIFTY2641323850CE","23842.65","24000","10880545","2188940","0","0","0.05","157"
"380b14c6","2026-04-13T10:28:03.927279700Z","NIFTY","CE","NFO:NIFTY2641323850CE","23842.65","24050","4793035","596245","0","0","0.05","207.4"
"380b14c6","2026-04-13T10:28:03.927279700Z","NIFTY","CE","NFO:NIFTY2641323850CE","23842.65","24100","8636810","445640","0","0","0.05","256.85"
"aa48611a","2026-04-13T10:28:04.047611100Z","NIFTY","PE","NFO:NIFTY2641323850PE","23842.65","23600","1982110","9700275","0","0","242.5","0.05"
"aa48611a","2026-04-13T10:28:04.047611100Z","NIFTY","PE","NFO:NIFTY2641323850PE","23842.65","23650","1117545","6879340","0","0","192.4","0.05"
"aa48611a","2026-04-13T10:28:04.047611100Z","NIFTY","PE","NFO:NIFTY2641323850PE","23842.65","23700","1723670","12208300","0","0","142.35","0.05"
"aa48611a","2026-04-13T10:28:04.047611100Z","NIFTY","PE","NFO:NIFTY2641323850PE","23842.65","23750","1784185","10138505","0","0","92.35","0.05"
"aa48611a","2026-04-13T10:28:04.047611100Z","NIFTY","PE","NFO:NIFTY2641323850PE","23842.65","23800","5700695","27022580","0","0","42.55","0.05"
"aa48611a","2026-04-13T10:28:04.047611100Z","NIFTY","PE","NFO:NIFTY2641323850PE","23842.65","23850","21555365","11434995","0","0","0.05","7.3"
"aa48611a","2026-04-13T10:28:04.047611100Z","NIFTY","PE","NFO:NIFTY2641323850PE","23842.65","23900","14272245","5436275","0","0","0.05","57.1"
"aa48611a","2026-04-13T10:28:04.047611100Z","NIFTY","PE","NFO:NIFTY2641323850PE","23842.65","23950","7834645","1465880","0","0","0.05","107.3"
"aa48611a","2026-04-13T10:28:04.047611100Z","NIFTY","PE","NFO:NIFTY2641323850PE","23842.65","24000","10880545","2188940","0","0","0.05","157"
"aa48611a","2026-04-13T10:28:04.047611100Z","NIFTY","PE","NFO:NIFTY2641323850PE","23842.65","24050","4793035","596245","0","0","0.05","207.4"
"aa48611a","2026-04-13T10:28:04.047611100Z","NIFTY","PE","NFO:NIFTY2641323850PE","23842.65","24100","8636810","445640","0","0","0.05","256.85"
"30857bdc","2026-04-13T10:29:05.027353Z","NIFTY","CE","NFO:NIFTY2641323850CE","23842.65","23600","1982110","9700275","0","0","242.5","0.05"
"30857bdc","2026-04-13T10:29:05.027353Z","NIFTY","CE","NFO:NIFTY2641323850CE","23842.65","23650","1117545","6879340","0","0","192.4","0.05"
"30857bdc","2026-04-13T10:29:05.027353Z","NIFTY","CE","NFO:NIFTY2641323850CE","23842.65","23700","1723670","12208300","0","0","142.35","0.05"
"30857bdc","2026-04-13T10:29:05.027353Z","NIFTY","CE","NFO:NIFTY2641323850CE","23842.65","23750","1784185","10138505","0","0","92.35","0.05"
"30857bdc","2026-04-13T10:29:05.027353Z","NIFTY","CE","NFO:NIFTY2641323850CE","23842.65","23800","5700695","27022580","0","0","42.55","0.05"
"30857bdc","2026-04-13T10:29:05.027353Z","NIFTY","CE","NFO:NIFTY2641323850CE","23842.65","23850","21555365","11434995","0","0","0.05","7.3"
"30857bdc","2026-04-13T10:29:05.027353Z","NIFTY","CE","NFO:NIFTY2641323850CE","23842.65","23900","14272245","5436275","0","0","0.05","57.1"
"30857bdc","2026-04-13T10:29:05.027353Z","NIFTY","CE","NFO:NIFTY2641323850CE","23842.65","23950","7834645","1465880","0","0","0.05","107.3"
"30857bdc","2026-04-13T10:29:05.027353Z","NIFTY","CE","NFO:NIFTY2641323850CE","23842.65","24000","10880545","2188940","0","0","0.05","157"
"30857bdc","2026-04-13T10:29:05.027353Z","NIFTY","CE","NFO:NIFTY2641323850CE","23842.65","24050","4793035","596245","0","0","0.05","207.4"
"30857bdc","2026-04-13T10:29:05.027353Z","NIFTY","CE","NFO:NIFTY2641323850CE","23842.65","24100","8636810","445640","0","0","0.05","256.85"
"40d567c9","2026-04-13T10:29:05.449485500Z","NIFTY","PE","NFO:NIFTY2641323850PE","23842.65","23600","1982110","9700275","0","0","242.5","0.05"
"40d567c9","2026-04-13T10:29:05.449485500Z","NIFTY","PE","NFO:NIFTY2641323850PE","23842.65","23650","1117545","6879340","0","0","192.4","0.05"
"40d567c9","2026-04-13T10:29:05.449485500Z","NIFTY","PE","NFO:NIFTY2641323850PE","23842.65","23700","1723670","12208300","0","0","142.35","0.05"
"40d567c9","2026-04-13T10:29:05.449485500Z","NIFTY","PE","NFO:NIFTY2641323850PE","23842.65","23750","1784185","10138505","0","0","92.35","0.05"
"40d567c9","2026-04-13T10:29:05.449485500Z","NIFTY","PE","NFO:NIFTY2641323850PE","23842.65","23800","5700695","27022580","0","0","42.55","0.05"
"40d567c9","2026-04-13T10:29:05.449485500Z","NIFTY","PE","NFO:NIFTY2641323850PE","23842.65","23850","21555365","11434995","0","0","0.05","7.3"
"40d567c9","2026-04-13T10:29:05.449485500Z","NIFTY","PE","NFO:NIFTY2641323850PE","23842.65","23900","14272245","5436275","0","0","0.05","57.1"
"40d567c9","2026-04-13T10:29:05.449485500Z","NIFTY","PE","NFO:NIFTY2641323850PE","23842.65","23950","7834645","1465880","0","0","0.05","107.3"
"40d567c9","2026-04-13T10:29:05.449485500Z","NIFTY","PE","NFO:NIFTY2641323850PE","23842.65","24000","10880545","2188940","0","0","0.05","157"
"40d567c9","2026-04-13T10:29:05.449485500Z","NIFTY","PE","NFO:NIFTY2641323850PE","23842.65","24050","4793035","596245","0","0","0.05","207.4"
"40d567c9","2026-04-13T10:29:05.449485500Z","NIFTY","PE","NFO:NIFTY2641323850PE","23842.65","24100","8636810","445640","0","0","0.05","256.85"
